{
  "name": "FAcup",
  "description": "[[英格蘭足總盃]]",
  "path": "Module:CGroup/FAcup",
  "rules": [
    {
      "original": "Accrington Stanley  F.C.",
      "conv": "zh-cn:艾宁顿;zh-hk:阿克寧頓;zh-tw:艾寧頓;"
    },
    {
      "original": "Accrington Stanley Football Club",
      "conv": "zh-cn:艾宁顿斯坦利;zh-hk:阿克寧頓史丹利;zh-tw:艾寧頓斯坦利;"
    },
    {
      "original": "Barnet Football Club",
      "conv": "zh-cn:巴尼特;zh-hk:班列特;zh-tw:巴尼特;"
    },
    {
      "original": "Barnsley F.C.",
      "conv": "zh-cn:巴恩斯利;zh-hk:班士利;zh-tw:巴恩斯利;"
    },
    {
      "original": "AFC Bournemouth",
      "conv": "zh-hans:伯恩茅斯;zh-tw:伯恩茅斯;zh-hk:般尼茅夫;"
    },
    {
      "original": "Birmingham City F.C.",
      "conv": "伯明翰城=>zh-hk:伯明翰;"
    },
    {
      "original": "Birmingham City F.C.",
      "conv": "伯明罕城=>zh-hk:伯明翰;"
    },
    {
      "original": "Blackburn Rovers",
      "conv": "zh-hans:布莱克本流浪者;zh-hk:布力般流浪;zh-tw:布萊克本流浪者;"
    },
    {
      "original": "Blackpool F.C.",
      "conv": "zh-cn:布莱克浦; zh-hk:黑池; zh-tw:黑潭;"
    },
    {
      "original": "Bolton",
      "conv": "zh-hans:博尔顿;zh-hk:保頓;zh-tw:博爾頓;"
    },
    {
      "original": "Boreham Wood",
      "conv": "zh-hans:博勒姆伍德;zh-hk:波利咸活特;"
    },
    {
      "original": "Bradford City F.C.",
      "conv": "zh-cn:布拉德福德;zh-hk:巴拉福特;zh-tw:巴拉福特;"
    },
    {
      "original": "Brentford F.C.",
      "conv": "zh-hans:布伦特福德;zh-tw:布蘭特福德;zh-hk:賓福特;"
    },
    {
      "original": "Brighton & Hove Albion F.C.",
      "conv": "zh-hans:布赖顿;zh-tw:布萊頓;zh-hk:白禮頓;"
    },
    {
      "original": "Brighton & Hove Albion F.C.",
      "conv": "布莱顿=>zh-cn:布赖顿;布莱顿=>zh-sg:布赖顿;布莱顿=>zh-my:布赖顿;布莱顿=>zh-hk:白禮頓;布莱顿=>zh-mo:白禮頓;"
    },
    {
      "original": "Bristol City F.C.",
      "conv": " zh-cn:布里斯托尔城; zh-tw:布里斯托城;"
    },
    {
      "original": "Bristol Rovers Football Club",
      "conv": "zh-cn:布里斯托尔流浪者;zh-hk:布里斯托流浪;zh-tw:布里斯托爾流浪者;"
    },
    {
      "original": "Burnley F.C.",
      "conv": "zh-hans:伯恩利;zh-tw:伯恩利;zh-hk:般尼;"
    },
    {
      "original": "Bury Football Club",
      "conv": "zh-cn:贝里;zh-hk:貝利;zh-tw:貝里;"
    },
    {
      "original": "Burton Albion",
      "conv": "zh-hans:伯顿阿尔比恩;zh-hant:伯頓阿爾比恩;zh-hk:伯頓艾爾賓;"
    },
    {
      "original": "Cardiff City F.C.",
      "conv": " zh-cn:卡迪夫城; zh-hk:卡迪夫城; zh-tw:卡地夫城;"
    },
    {
      "original": "Carlisle United F.C.",
      "conv": "zh-cn:卡莱尔联; zh-hk:卡素爾;"
    },
    {
      "original": "Charlton  Athletic F.C.",
      "conv": "zh-cn:查尔顿竞技; zh-hk:查爾頓;"
    },
    {
      "original": "Chelsea F.C.",
      "conv": "zh-cn:切尔西;zh-hk:車路士;zh-tw:切爾西;"
    },
    {
      "original": "Cheltenham Town F.C.",
      "conv": "zh-cn:切尔滕汉姆;zh-hk:車頓咸;zh-tw:切爾騰納姆;zh-mo:車頓咸;"
    },
    {
      "original": "Colchester United F.C.",
      "conv": "zh-cn:科尔切斯特;zh-hk:高車士打;zh-tw:科爾切斯特;"
    },
    {
      "original": "Coventry F.C.",
      "conv": "zh-cn:考文垂;zh-hk:高雲地利;zh-tw:科芬特里;zh-mo:高雲地利;"
    },
    {
      "original": "Chester City Football Club",
      "conv": "zh-cn:切斯特城;zh-hk:車士打;zh-tw:切斯特城;"
    },
    {
      "original": "Chesterfield Football Club",
      "conv": "zh-cn:切斯特菲尔德;zh-hk:車士打菲特;zh-tw:切斯特菲爾德;"
    },
    {
      "original": "Crawley Town Football Club",
      "conv": "zh-cn:克劳利镇;zh-hk:卡維尼;zh-tw:克勞利鎮;"
    },
    {
      "original": "Derby County F.C.",
      "conv": "zh-cn:德比郡;zh-hk:打比郡;zh-tw:德比郡;"
    },
    {
      "original": "Doncaster Rovers F.C.",
      "conv": "zh-hans:唐卡斯特; zh-hk:唐卡士打; zh-tw:唐卡斯特;"
    },
    {
      "original": "Dagenham & Redbridge F.C.",
      "conv": "zh-cn:达根汉姆;zh-hk:杜根咸;zh-tw:杜根咸;"
    },
    {
      "original": "Darlington Football Club",
      "conv": "zh-cn:达灵顿;zh-hk:達寧頓;zh-tw:達靈頓;"
    },
    {
      "original": "Dorchester Town Football Club",
      "conv": "zh-cn:多尔切斯特;zh-hk:道徹斯特;zh-tw:多爾切斯特;"
    },
    {
      "original": "Everton Football Club",
      "conv": "zh-hans:埃弗顿;zh-hk:愛華頓;zh-tw:艾佛頓;"
    },
    {
      "original": "Exeter City Football Club",
      "conv": "zh-hans:埃克塞特城;zh-hk:埃克塞特;zh-tw:艾希特城;"
    },
    {
      "original": "Fleetwood Town Football Club",
      "conv": "zh-hans:弗利特伍德; zh-hk:費列活特;"
    },
    {
      "original": "Fulham Football Club",
      "conv": "zh-cn:富勒姆;zh-hk:富咸;zh-tw:富勒姆;"
    },
    {
      "original": "Gateshead F.C.",
      "conv": "zh-hans:盖茨黑德;zh-tw:蓋茨黑德;zh-hk:基斯赫德"
    },
    {
      "original": "Gillingham F.C.",
      "conv": "zh-cn:吉林汉姆;zh-hk:基寧咸;zh-tw:吉林漢姆;"
    },
    {
      "original": "Grimsby Town F.C.",
      "conv": "zh-cn:格林斯比镇; zh-hk:甘士比;"
    },
    {
      "original": "Gloucester City A.F.C.",
      "conv": "zh-cn:格洛斯特;zh-hk:告士打;zh-tw:格洛斯特;"
    },
    {
      "original": "Hartlepool United F.C.",
      "conv": "zh-hans:哈特尔普尔; zh-hant:哈特普爾;"
    },
    {
      "original": "Huddersfield Town F.C.",
      "conv": "zh-hans:哈德斯菲尔德;zh-hk:哈特斯菲;zh-tw:哈德斯菲爾德;"
    },
    {
      "original": "Hull City A.F.C.",
      "conv": "zh-cn:赫尔城;zh-hk:侯城;zh-tw:赫爾城;"
    },
    {
      "original": "Hereford United Football Club",
      "conv": "zh-cn:赫里福德联;zh-hk:赫里福特聯;zh-tw:赫里福特聯;"
    },
    {
      "original": "Ipswich Town F.C.",
      "conv": "zh-cn:伊普斯维奇城;zh-hk:葉士域治;zh-tw:伊普斯維奇鎮;"
    },
    {
      "original": "Kettering Town Football Club",
      "conv": "zh-cn:基特宁;zh-hk:凱特靈;zh-tw:基特寧;"
    },
    {
      "original": "Leeds",
      "conv": "zh-cn:利兹;zh-hk:列斯;zh-tw:里茲;zh-mo:列斯;"
    },
    {
      "original": "Leeds United F.C.",
      "conv": "zh-cn:利兹联;zh-hk:列斯聯;zh-tw:里茲聯;zh-mo:列斯聯;"
    },
    {
      "original": "Leicester City F.C.",
      "conv": "zh-cn:莱斯特城;zh-tw:萊斯特城;zh-hk:李斯特城;zh-mo:李斯特城;"
    },
    {
      "original": "Leyton Orient Football Club",
      "conv": "zh-cn:莱顿东方; zh-tw:奧連特;"
    },
    {
      "original": "Macclesfield Town Football Club",
      "conv": "zh-hans:马科斯菲尔德;zh-hk:馬格斯菲特;zh-tw:馬斯菲爾;"
    },
    {
      "original": "Maidstone United Football Club",
      "conv": "zh-hans:梅德斯通联;zh-hk:梅德士東聯;zh-tw:梅德斯通聯;"
    },
    {
      "original": "Mansfield Town Football Club",
      "conv": "zh-hans:曼斯菲尔德城; zh-hk:曼斯菲特;"
    },
    {
      "original": "Middlesbrough Football Club",
      "conv": "zh-cn:米德尔斯堡;zh-hk:米杜士堡;zh-tw:米德斯堡;"
    },
    {
      "original": "Millwall F.C.",
      "conv": "zh-cn:米尔沃尔;zh-hk:米禾爾;zh-tw:米爾沃;zh-mo:米禾爾;"
    },
    {
      "original": "Morecambe Football Club",
      "conv": "zh-cn:莫克姆;zh-hk:摩甘比;zh-tw:摩爾甘比;"
    },
    {
      "original": "Newcastle United F.C.",
      "conv": "zh-cn:纽卡斯尔联;zh-hk:紐卡素;zh-tw:紐卡索聯;"
    },
    {
      "original": "Newport County",
      "conv": "zh-hans:纽波特郡; zh-hk:新港郡;zh-tw:紐波特郡;"
    },
    {
      "original": "Norwich City F.C.",
      "conv": "zh-hans:诺里奇城;zh-tw:諾里奇城;zh-hk:諾域治;"
    },
    {
      "original": "Norwich City F.C.",
      "conv": "诺维奇=>zh-cn:诺里奇城;诺维奇=>zh-sg:诺里奇城;诺维奇=>zh-my:诺里奇城;诺维奇=>zh-tw:諾里奇城;诺维奇=>zh-hk:諾域治;诺维奇=>zh-mo:諾域治;"
    },
    {
      "original": "Norwich City F.C.",
      "conv": "諾維奇=>zh-cn:诺里奇城;諾維奇=>zh-sg:诺里奇城;諾維奇=>zh-my:诺里奇城;諾維奇=>zh-tw:諾里奇城;諾維奇=>zh-hk:諾域治;諾維奇=>zh-mo:諾域治;"
    },
    {
      "original": "Norwich City F.C.",
      "conv": "诺维奇城=>zh-cn:诺里奇城;诺维奇城=>zh-sg:诺里奇城;诺维奇城=>zh-my:诺里奇城;诺维奇城=>zh-tw:諾里奇城;诺维奇城=>zh-hk:諾域治;诺维奇城=>zh-mo:諾域治;"
    },
    {
      "original": "Norwich City F.C.",
      "conv": "諾維奇城=>zh-cn:诺里奇城;諾維奇城=>zh-sg:诺里奇城;諾維奇城=>zh-my:诺里奇城;諾維奇城=>zh-tw:諾里奇城;諾維奇城=>zh-hk:諾域治;諾維奇城=>zh-mo:諾域治;"
    },
    {
      "original": "Norwich City F.C.",
      "conv": "諾域治城=>zh-cn:诺里奇城;諾域治城=>zh-sg:诺里奇城;諾域治城=>zh-my:诺里奇城;諾域治城=>zh-tw:諾里奇城;"
    },
    {
      "original": "Nottingham Forest F.C.",
      "conv": "zh-cn:诺丁汉森林;zh-hk:諾定咸森林;zh-tw:諾丁漢森林;"
    },
    {
      "original": "Notts County  Football Club",
      "conv": "zh-cn:诺茨郡;zh-hk:諾士郡;zh-tw:諾士郡;"
    },
    {
      "original": "Northampton Town Football Club",
      "conv": "zh-cn:北安普顿;zh-hk:諾咸頓;zh-tw:北安普頓;"
    },
    {
      "original": "OldhamF.C.",
      "conv": "zh-cn:奥尔德姆;zh-hk:奧咸;zh-tw:奧爾德姆;"
    },
    {
      "original": "Peterborough United F.C.",
      "conv": "zh-cn:彼得伯勒联; zh-hk:彼德堡;"
    },
    {
      "original": "Plymouth Argyle F.C.",
      "conv": "zh-cn:普利茅斯;zh-hk:普利茅夫;zh-tw:普利茅斯;"
    },
    {
      "original": "Portsmouth Football Club",
      "conv": "zh-hans:朴茨茅斯; zh-hk:樸茨茅夫; zh-tw:樸茨茅斯;"
    },
    {
      "original": "Port Vale Football Club",
      "conv": "zh-cn:韦尔港;zh-hk:維爾港;zh-tw:韋爾港;"
    },
    {
      "original": "Queens Park Rangers F.C.",
      "conv": "zh-cn:女王公园巡游者;zh-hk:昆士柏流浪;zh-tw:女王公園巡遊者;"
    },
    {
      "original": "Rotherham  United  F.C.",
      "conv": "zh-hans:罗瑟勒姆; zh-hk:洛達咸; zh-tw: 羅瑟漢姆;"
    },
    {
      "original": "Rushden & Diamonds Football Club",
      "conv": "zh-cn:鲁什登钻石;zh-hk:魯斯頓鑽石;zh-tw:魯什登鑽石;"
    },
    {
      "original": "Scunthorpe United F.C.",
      "conv": "zh-cn:斯坎索普;zh-hk:斯肯索普;zh-tw:斯肯索普聯;zh-mo:斯肯索普;"
    },
    {
      "original": "Sheffield United F.C.",
      "conv": "zh-cn:谢菲尔德联;zh-hk:錫菲聯;zh-tw:謝菲爾德聯;"
    },
    {
      "original": "Sheffield Wednesday F.C.",
      "conv": "zh-cn:谢周三; zh-hk:錫周三;"
    },
    {
      "original": "Southampton",
      "conv": "zh-hans:南安普敦;zh-tw:南安普頓;zh-hk:修咸頓;"
    },
    {
      "original": "Southampton",
      "conv": "南安普顿=>zh-cn:南安普敦;南安普顿=>zh-sg:南安普敦;南安普顿=>zh-my:南安普敦;南安普顿=>zh-tw:南安普頓;南安普顿=>zh-hk:修咸頓;南安普顿=>zh-mo:修咸頓;"
    },
    {
      "original": "Southend United F.C.",
      "conv": "zh-hans:绍森德;zh-hk:修安聯;zh-tw:紹森德;"
    },
    {
      "original": "Stoke City F.C.",
      "conv": "zh-cn:斯托克城;zh-hk:史篤城;zh-tw:斯托克城;"
    },
    {
      "original": "Stockport County F.C.",
      "conv": "zh-cn:斯托克港; zh-hk:史托港;"
    },
    {
      "original": "Sunderland F.C.",
      "conv": "zh-cn:桑德兰;zh-hk:新特蘭;zh-tw:桑德蘭;"
    },
    {
      "original": "Sutton United F.C.",
      "conv": "zh-hans:萨顿联; zh-hk:瑟頓聯; zh-tw:薩頓聯;"
    },
    {
      "original": "Swansea City A.F.C.",
      "conv": "zh-cn:斯旺西;zh-hk:史雲斯;zh-tw:斯旺西;"
    },
    {
      "original": "Swindon Town F.C.",
      "conv": "zh-cn:斯温登; zh-hk:史雲頓; zh-tw:斯溫頓;"
    },
    {
      "original": "Shrewsbury Town Football Club",
      "conv": "zh-hans:施鲁斯伯里;zh-hk:梳士貝利;zh-tw:士魯斯柏立;"
    },
    {
      "original": "Stevenage Football Club",
      "conv": "zh-cn:斯蒂文尼奇;zh-hk:史提芬納治;zh-tw:斯蒂文尼奇;"
    },
    {
      "original": "Tottenham Hotspur F.C.",
      "conv": " zh-cn:托特纳姆热刺; zh-hk:托定咸熱刺; zh-tw:托登罕熱刺"
    },
    {
      "original": "Torquay United Football Club",
      "conv": "zh-cn:托奎联;zh-hk:托基聯;zh-tw:托奎聯;"
    },
    {
      "original": "Tranmere Rovers Football Club",
      "conv": "zh-cn:特兰米尔;zh-hk:燦美爾;zh-tw:特蘭米爾;"
    },
    {
      "original": "Watford F.C.",
      "conv": "zh-cn:沃特福德;zh-hk:屈福特;zh-tw:瓦特福;"
    },
    {
      "original": "West Bromwich F.C.",
      "conv": "zh-cn:西布罗姆维奇;zh-hk:西布朗;zh-tw:西布朗維奇;zh-mo:西布朗;"
    },
    {
      "original": "West Ham United",
      "conv": "zh-cn:西汉姆联;zh-sg:西哈姆;zh-my:西罕;zh-tw:西漢姆聯;zh-hk:韋斯咸;"
    },
    {
      "original": "West Ham United",
      "conv": "西汉姆=>zh-cn:西汉姆联;西汉姆=>zh-sg:西哈姆;西汉姆=>zh-my:西罕;西汉姆=>zh-tw:西漢姆聯;西汉姆=>zh-hk:韋斯咸;西汉姆=>zh-mo:韋斯咸;"
    },
    {
      "original": "West Ham United",
      "conv": "西漢姆=>zh-cn:西汉姆联;西漢姆=>zh-sg:西哈姆;西漢姆=>zh-my:西罕;西漢姆=>zh-tw:西漢姆聯;西漢姆=>zh-hk:韋斯咸;西漢姆=>zh-mo:韋斯咸;"
    },
    {
      "original": "Wigan Athletic",
      "conv": "zh-hans:维冈;zh-hk:韋根;zh-sg:威根;zh-tw:維根;"
    },
    {
      "original": "Walsall Football Club",
      "conv": "zh-cn:沃尔索尔;zh-hk:華素爾;zh-tw:沃爾索爾;"
    },
    {
      "original": "Wimbledon Football Club",
      "conv": "zh-cn:温布尔顿;zh-hk:溫布頓;zh-tw:溫布爾頓;"
    },
    {
      "original": "AFC Wimbledon",
      "conv": "zh-cn:AFC温布尔登;zh-hk:AFC溫布頓;zh-tw:AFC溫布爾登;"
    },
    {
      "original": "Woking",
      "conv": "zh-hans:沃金;zh-hk:禾京; zh-tw:沃金;"
    },
    {
      "original": "Wrexham Football Club",
      "conv": "zh-hans:雷克瑟姆; zh-hk:域斯咸;zh-tw:雷克斯漢姆;"
    },
    {
      "original": "Wycombe Wanderers Football Club",
      "conv": "zh-cn:韦康比流浪者; zh-tw:韋甘比;"
    },
    {
      "original": "Yeovil Town F.C.",
      "conv": "zh-cn:约维尔;zh-hk:伊奧維;zh-tw:約維爾;"
    },
    {
      "original": "Bramall Lane",
      "conv": "zh-hans:布拉莫巷; zh-hk:巴拉摩徑;"
    },
    {
      "original": "Bramall Lane",
      "conv": "zh-hans:布拉莫巷体育场; zh-hk:巴拉摩徑球場;"
    },
    {
      "original": "Pride Park Stadium",
      "conv": "zh-cn:普莱德公园球场;zh-hk:派迪公園球場;zh-tw:普萊德公園球場;"
    }
  ]
}