{
  "name": "地名",
  "description": "地名翻譯",
  "path": "Module:CGroup/地名",
  "rules": [
    {
      "original": "Aberdeen",
      "conv": "zh-cn:阿伯丁; zh-tw:亞伯丁; zh-hk:鴨巴甸;"
    },
    {
      "original": "Abidjan",
      "conv": "zh-cn:阿比让; zh-tw:阿必尚; zh-hk:阿比讓;"
    },
    {
      "original": "Abbotsford",
      "conv": "zh-hans:阿伯茨福德; zh-hant:亞博斯福;"
    },
    {
      "original": "Abu Dhabi",
      "conv": "zh-cn:阿布扎比; zh-hk:阿布扎比; zh-tw:阿布達比;"
    },
    {
      "original": "Abuja",
      "conv": "zh-cn:阿布贾; zh-tw:阿布加; zh-hk:阿布賈;"
    },
    {
      "original": "Abyei",
      "conv": "zh-hans:阿卜耶伊; zh-hant:艾卜耶;"
    },
    {
      "original": "Addis Ababa",
      "conv": "zh-cn:亚的斯亚贝巴; zh-hk:亞的斯亞貝巴; zh-tw:阿迪斯阿貝巴;"
    },
    {
      "original": "Adelaide",
      "conv": "zh-cn:阿德莱德; zh-tw:阿得雷德; zh-hk:阿德萊得;"
    },
    {
      "original": "Afonso Cláudio",
      "conv": "zh-cn:阿方索克劳迪乌;zh-tw:阿風索克勞迪歐;zh-hk:亞豐素克勞迪烏;"
    },
    {
      "original": "Akrotiri and Dhekelia",
      "conv": "zh-cn:阿克罗蒂里和泽凯利亚;zh-sg:亚克罗提利和德凯利亚;zh-tw:亞克羅提利與德凱利亞;zh-hk:阿克魯帝利及德基利亞;"
    },
    {
      "original": "Alberta",
      "conv": "zh-hans:艾伯塔;zh-hant:艾伯塔;zh-hk:亞伯達;zh-tw:亞伯達;zh-mo:亞伯達;"
    },
    {
      "original": "Albuquerque",
      "conv": "zh-cn:阿尔伯克基; zh-hk:阿爾伯克基; zh-tw:阿布奎基;"
    },
    {
      "original": "Alexandria",
      "conv": "zh-cn:亚历山大港;zh-hk:亞歷山大港;zh-tw:亞歷山卓港;"
    },
    {
      "original": "Alsace",
      "conv": "zh-cn:阿尔萨斯; zh-tw:亞爾薩斯; zh-hk:亞爾薩斯;"
    },
    {
      "original": "Almere",
      "conv": "zh-cn:阿尔梅勒;zh-tw:阿爾梅勒;zh-hk:阿梅爾;"
    },
    {
      "original": "Amazon",
      "conv": "zh-hans:亚马孙;zh-hant:亞馬遜;"
    },
    {
      "original": "Amhara",
      "conv": "zh-cn:阿姆哈拉;zh-tw:安哈拉;zh-hk:岩哈拉;"
    },
    {
      "original": "Anchorage",
      "conv": "zh-cn:安克雷奇; zh-hk:安克雷奇; zh-tw:安克拉治;zh-sg:安克雷奇;"
    },
    {
      "original": "Andalucía",
      "conv": "zh-hans:安达卢西亚;zh-hant:安達盧西亞;zh-tw:安達魯西亞;"
    },
    {
      "original": "Andes",
      "conv": "zh-cn:安第斯; zh-hk:安第斯; zh-tw:安地斯;"
    },
    {
      "original": "Andorra la Vella",
      "conv": "zh-cn:安道尔城; zh-tw:老安道爾; zh-hk:安道爾城;"
    },
    {
      "original": "Antananarivo",
      "conv": "zh-cn:塔那那利佛; zh-tw:安塔那那利佛;"
    },
    {
      "original": "Antietam",
      "conv": "zh-cn:安蒂特姆;zh-tw:安提頓;zh-hk:安提頓;"
    },
    {
      "original": "Antigua and Barbuda",
      "conv": "zh-cn:安提瓜和巴布达;zh-tw:安地卡及巴布達;zh-hk:安提瓜和巴布達;"
    },
    {
      "original": "Antilles",
      "conv": "zh-cn:安的列斯;zh-tw:安地列斯;zh-hk:安地列斯;"
    },
    {
      "original": "Apia",
      "conv": "zh-cn:阿皮亚; zh-tw:阿庇亞;"
    },
    {
      "original": "Aragon",
      "conv": "zh-cn:阿拉贡; zh-hk:阿拉貢; zh-tw:亞拉岡;"
    },
    {
      "original": "Ascension",
      "conv": "zh-tw:亞森欣; zh-hk:阿森松; zh-cn:阿森松;"
    },
    {
      "original": "Ashgabat",
      "conv": "zh-cn:阿什哈巴德; zh-tw:阿什哈巴特; zh-hk:阿什哈巴德;"
    },
    {
      "original": "Asmara",
      "conv": "zh-cn:阿斯马拉; zh-tw:阿斯瑪拉;"
    },
    {
      "original": "ASEAN",
      "conv": "zh-cn:东盟; zh-hk:東盟; zh-tw:東協; zh-sg:亚细安; zh-my:东盟;"
    },
    {
      "original": "Association of Southeast Asian Nations",
      "conv": "zh-cn:东南亚国家联盟; zh-hk:東南亞國家聯盟; zh-tw:東南亞國家協會; zh-sg:亚细安组织; zh-my:东南亚国家联盟;"
    },
    {
      "original": "Atacama",
      "conv": "zh-cn:阿塔卡马; zh-hk:阿他加馬; zh-tw:亞他加馬;"
    },
    {
      "original": "Athabasca",
      "conv": "zh-hans:阿萨巴斯卡; zh-hant:阿薩巴斯卡;"
    },
    {
      "original": "Atlanta",
      "conv": "zh-cn:亚特兰大; zh-hk:亞特蘭大; zh-tw:亞特蘭大; zh-hant:阿特蘭大;"
    },
    {
      "original": "Austin",
      "conv": "zh-cn:奥斯汀;zh-tw:奧斯丁;zh-hk:柯士甸;"
    },
    {
      "original": "Austin",
      "conv": "奥斯丁=>zh-hk:柯士甸;奥斯丁=>zh-mo:柯士甸;"
    },
    {
      "original": "Australasia",
      "conv": "zh-cn:澳大拉西亚; zh-tw:澳大拉西亞; zh-hk:澳大利西亞;"
    },
    {
      "original": "Australia",
      "conv": "zh-hans:澳大利亚;zh-hant:澳洲;zh-cn:澳大利亚;zh-hk:澳洲;zh-mo:澳洲;zh-my:澳大利亚;zh-sg:澳大利亚;zh-tw:澳洲;"
    },
    {
      "original": "Avignon",
      "conv": "zh-cn:阿维尼翁; zh-tw:亞維農; zh-hk:亞維農;"
    },
    {
      "original": "Azerbaijan",
      "conv": "zh-cn:阿塞拜疆; zh-tw:亞塞拜然; zh-hk:阿塞拜疆;"
    },
    {
      "original": "Azores",
      "conv": "zh-cn:亚速尔群岛; zh-hk:亞速爾群島; zh-tw:亞速群島;"
    },
    {
      "original": "Älmhult",
      "conv": "zh-cn:艾尔姆胡尔特; zh-hk:阿姆霍特; zh-tw:阿姆胡特;"
    },
    {
      "original": "Baker Island",
      "conv": "zh-cn:贝克岛; zh-hk:必嘉島; zh-tw:貝克島;"
    },
    {
      "original": "Baker Street",
      "conv": "zh-cn:贝克街; zh-hk:必嘉街; zh-tw:貝克街;"
    },
    {
      "original": "Balearic",
      "conv": "zh-cn:巴利阿里; zh-hk:巴利阿里; zh-tw:巴利亞利;"
    },
    {
      "original": "Bali",
      "conv": "zh-cn:巴厘; zh-tw:峇里; zh-hk:峇里; zh-sg:峇厘;"
    },
    {
      "original": "Bangladesh",
      "conv": "孟加拉国=>zh-hk:孟加拉;孟加拉国=>zh-mo:孟加拉;孟加拉国=>zh-tw:孟加拉;孟加拉国=>zh-my:孟加拉;孟加拉国=>zh-sg:孟加拉;"
    },
    {
      "original": "Bandar Seri Begawan",
      "conv": "zh-cn:斯里巴加湾; zh-hk:斯里巴加灣; zh-tw:斯里巴卡旺;"
    },
    {
      "original": "Bangui",
      "conv": "zh-cn:班吉; zh-tw:班基; zh-hk:班基;"
    },
    {
      "original": "Banjul",
      "conv": "zh-cn:班珠尔; zh-tw:班竹;"
    },
    {
      "original": "Barbados",
      "conv": "zh-cn:巴巴多斯;zh-tw:巴貝多;zh-hk:巴巴多斯;"
    },
    {
      "original": "Barbary",
      "conv": "zh-cn:巴巴里; zh-tw:巴巴里; zh-hk:巴巴里;"
    },
    {
      "original": "Barcelona",
      "conv": "zh-cn:巴塞罗那;zh-tw:巴塞隆納;zh-hk:巴塞隆拿;zh-mo:巴塞羅那;"
    },
    {
      "original": "Barcelona",
      "conv": "zh:巴塞隆那;zh-cn:巴塞罗那;zh-tw:巴塞隆納;zh-hk:巴塞隆拿;zh-mo:巴塞羅那;"
    },
    {
      "original": "Basseterre",
      "conv": "zh-cn:巴斯特尔; zh-tw:巴士底; zh-hk:巴斯特爾;"
    },
    {
      "original": "Beaufort",
      "conv": "zh-cn:博福尔;zh-tw:博福爾;zh-hk:蒲福;"
    },
    {
      "original": "Beliliou",
      "conv": "zh-cn:佩莱利乌; zh-tw:貝里琉; zh-hk:貝里琉;"
    },
    {
      "original": "Bellona",
      "conv": "zh-cn:贝洛纳;zh-tw:貝隆納;zh-hk:貝羅那;"
    },
    {
      "original": "Bellona",
      "conv": "zh:貝羅拿;zh-cn:贝洛纳;zh-tw:貝隆納;zh-hk:貝羅那;"
    },
    {
      "original": "Bellona",
      "conv": "zh:貝羅納;zh-cn:贝洛纳;zh-tw:貝隆納;zh-hk:貝羅那;"
    },
    {
      "original": "Belmopan",
      "conv": "zh-cn:贝尔莫潘; zh-tw:貝爾墨邦; zh-hk:貝爾墨邦;"
    },
    {
      "original": "Belo Horizonte",
      "conv": "zh-hans:贝洛奥里藏特; zh-tw:美景市; zh-hk:比路賀利桑特;"
    },
    {
      "original": "Benin",
      "conv": "zh-cn:贝宁; zh-hk:貝寧; zh-tw:貝南;"
    },
    {
      "original": "Berkeley",
      "conv": "zh-cn:伯克利; zh-tw:柏克萊;"
    },
    {
      "original": "Брэст (Brest)",
      "conv": "zh-hans:布列斯特; zh-hant:布列斯特;"
    },
    {
      "original": "Bermuda",
      "conv": "zh-cn:百慕大; zh-hk:百慕達; zh-tw:百慕達;zh-sg:百慕大;"
    },
    {
      "original": "Beslan",
      "conv": "zh-cn:别斯兰; zh-tw:貝司蘭; zh-hk:別斯蘭;"
    },
    {
      "original": "Belize",
      "conv": "zh-hans:伯利兹; zh-tw:貝里斯; zh-hk:伯利茲;"
    },
    {
      "original": "Bilbao",
      "conv": "zh-hans:毕尔巴鄂; zh-hant:畢爾包;"
    },
    {
      "original": "Birmingham",
      "conv": "zh-cn:伯明翰;zh-hk:伯明翰;zh-tw:伯明罕;"
    },
    {
      "original": "Bishkek",
      "conv": "zh-cn:比什凯克; zh-tw:比斯凱克; zh-hk:比什凱克;"
    },
    {
      "original": "Blantyre",
      "conv": "zh-cn:布兰太尔; zh-tw:布蘭岱; zh-hk:布蘭太爾;"
    },
    {
      "original": "Mont Blanc",
      "conv": "zh-cn:勃朗峰;zh-tw:白朗峰;zh-hk:白朗峰;"
    },
    {
      "original": "Bloemfontein",
      "conv": "zh-hans:布隆方丹;zh-hant:布隆方丹;zh-tw:布隆泉;"
    },
    {
      "original": "Bodensee",
      "conv": "zh-hans:博登湖;zh-hant:波登湖;"
    },
    {
      "original": "Bonaire",
      "conv": "zh-hans:博奈尔; zh-hk:博奈爾; zh-tw:波奈;"
    },
    {
      "original": "Bonn",
      "conv": "zh-cn:波恩; zh-tw:波昂; zh-hk:波恩;"
    },
    {
      "original": "Bophuthatswana",
      "conv": "zh-hans:博普塔茨瓦纳; zh-hant:博普塔茨瓦納; zh-tw:波布那;"
    },
    {
      "original": "Bošnjaci",
      "conv": "zh-cn:波什尼亚克; zh-tw:波士尼亞克; zh-hk:波什尼亞克;"
    },
    {
      "original": "Botswana",
      "conv": "zh-cn:博茨瓦纳;zh-tw:波札那;zh-hk:博茨瓦納;"
    },
    {
      "original": "Bournemouth",
      "conv": "zh-cn:伯恩茅斯;zh-tw:伯恩茅斯;zh-hk:般尼茅夫;"
    },
    {
      "original": "Brabant",
      "conv": "zh-hans:布拉班特; zh-hant:布拉邦;"
    },
    {
      "original": "Bratislava",
      "conv": "zh-cn:布拉迪斯拉发; zh-tw:布拉提斯拉瓦; zh-hk:布拉迪斯拉發;"
    },
    {
      "original": "Braunschweig",
      "conv": "zh-cn:不伦瑞克;zh-hk:賓士域;zh-tw:布藍茲維;"
    },
    {
      "original": "Braunschweig",
      "conv": "不倫瑞克=>zh-hk:賓士域;不倫瑞克=>zh-mo:賓士域;不倫瑞克=>zh-tw:布藍茲維;"
    },
    {
      "original": "Braunschweig",
      "conv": "zh:布倫瑞克;zh-cn:不伦瑞克;zh-hk:賓士域;zh-tw:布藍茲維;"
    },
    {
      "original": "Braunschweig",
      "conv": "zh:布倫斯維克;zh-cn:不伦瑞克;zh-hk:賓士域;zh-tw:布藍茲維;"
    },
    {
      "original": "Brazza",
      "conv": "zh-cn:布拉柴; zh-tw:布拉薩; zh-hk:布拉柴;"
    },
    {
      "original": "Brazzaville",
      "conv": "zh-cn:布拉柴维尔; zh-tw:布拉薩市; zh-hk:布拉柴維爾;"
    },
    {
      "original": "Bremen",
      "conv": "zh-cn:不来梅; zh-tw:不來梅; zh-hk:不萊梅;"
    },
    {
      "original": "Bridgetown",
      "conv": "zh-cn:布里奇顿; zh-tw:橋鎮;"
    },
    {
      "original": "Brighton",
      "conv": "zh-hans:布赖顿;zh-tw:布來頓;zh-hk:白禮頓;"
    },
    {
      "original": "Brighton",
      "conv": "布賴頓=>zh-cn:布赖顿;布賴頓=>zh-sg:布赖顿;布賴頓=>zh-my:布赖顿;布賴頓=>zh-tw:布來頓;布賴頓=>zh-hk:白禮頓;布賴頓=>zh-mo:白禮頓;"
    },
    {
      "original": "Brighton",
      "conv": "布来顿=>zh-cn:布赖顿;布来顿=>zh-sg:布赖顿;布来顿=>zh-my:布赖顿;布来顿=>zh-tw:布來頓;布来顿=>zh-hk:白禮頓;布来顿=>zh-mo:白禮頓;"
    },
    {
      "original": "Brighton",
      "conv": "布莱顿=>zh-cn:布赖顿;布莱顿=>zh-sg:布赖顿;布莱顿=>zh-my:布赖顿;布莱顿=>zh-tw:布來頓;布莱顿=>zh-hk:白禮頓;布莱顿=>zh-mo:白禮頓;"
    },
    {
      "original": "Brighton",
      "conv": "布萊頓=>zh-cn:布赖顿;布萊頓=>zh-sg:布赖顿;布萊頓=>zh-my:布赖顿;布萊頓=>zh-tw:布來頓;布萊頓=>zh-hk:白禮頓;布萊頓=>zh-mo:白禮頓;"
    },
    {
      "original": "Bringeland",
      "conv": "zh-tw:布林格蘭; zh-cn:布灵厄兰; zh-hk:兵基蘭;"
    },
    {
      "original": "British Columbia",
      "conv": "zh-cn:不列颠哥伦比亚; zh-tw:英屬哥倫比亞; zh-hk:卑詩;"
    },
    {
      "original": "British Columbia",
      "conv": "不列顛哥倫比亞=>zh-tw:英屬哥倫比亞; 不列顛哥倫比亞=>zh-hk:卑詩;"
    },
    {
      "original": "Brisbane",
      "conv": "zh-hans:布里斯班;zh-hant:布里斯本;zh-tw:布里斯本;zh-hk:布里斯班;zh-mo:布里斯本;zh-cn:布里斯班"
    },
    {
      "original": "Bristol",
      "conv": "zh-cn:布里斯托尔; zh-tw:布里斯托;"
    },
    {
      "original": "Brunei",
      "conv": "zh-cn:文莱; zh-tw:汶萊; zh-hk:汶萊;zh-sg:汶莱;zh-my:文莱;"
    },
    {
      "original": "Brunei Darussalam",
      "conv": "zh-cn:文莱达鲁萨兰国; zh-tw:汶萊和平之國; zh-hk:汶萊達魯薩蘭國; zh-sg:汶莱达鲁萨兰国;"
    },
    {
      "original": "Buffalo",
      "conv": "zh-cn:布法罗; zh-tw:水牛城;"
    },
    {
      "original": "Bujumbura",
      "conv": "zh-cn:布琼布拉; zh-tw:布松布拉;"
    },
    {
      "original": "Burgenland",
      "conv": "zh-cn:布尔根兰; zh-hk:布爾根蘭; zh-tw:布根蘭;"
    },
    {
      "original": "Burbank",
      "conv": "zh-cn:伯班克; zh-hk:柏本克; zh-tw:柏本克;"
    },
    {
      "original": "Burgos",
      "conv": "zh-hans:布尔戈斯; zh-hant:布爾戈斯; zh-tw:布哥斯;"
    },
    {
      "original": "Burkina Faso",
      "conv": "zh-cn:布基纳法索; zh-hk:布基納法索; zh-tw:布吉納法索;"
    },
    {
      "original": "Burundi",
      "conv": "zh-cn:布隆迪; zh-hk:布隆迪; zh-tw:蒲隆地;"
    },
    {
      "original": "Cádiz",
      "conv": "zh-cn:加的斯; zh-hk:卡迪斯; zh-tw:卡迪斯;"
    },
    {
      "original": "Côte d'Ivoire",
      "conv": "zh-cn:科特迪瓦; zh-hk:科特迪瓦; zh-tw:象牙海岸; zh-sg:象牙海岸;"
    },
    {
      "original": "Caicos",
      "conv": "zh-cn:凯科斯; zh-tw:凱可; zh-hk:凱科斯;"
    },
    {
      "original": "Calais, Pas de",
      "conv": "zh-cn:加来海峽;zh-hk:加來海峽;zh-tw:加萊海峽;"
    },
    {
      "original": "Calgary",
      "conv": "zh-hans:卡尔加里;zh-hant:卡加利;zh-hk:卡加利;zh-tw:卡加利;zh-mo:卡加利;"
    },
    {
      "original": "Cannes",
      "conv": "zh-cn:戛纳; zh-tw:坎城; zh-hk:康城; zh-sg:康城; zh-my:康城; zh:戛納;"
    },
    {
      "original": "Cape Canaveral",
      "conv": "zh-cn:卡纳维拉尔角; zh-tw:卡納維爾角; zh-hk:卡納維拉爾角;"
    },
    {
      "original": "Cape Verde",
      "conv": "zh-cn:佛得角; zh-hk:維德角; zh-tw:維德角;"
    },
    {
      "original": "Caracas",
      "conv": "zh-cn:加拉加斯; zh-tw:卡拉卡斯; zh-hk:卡拉卡斯;"
    },
    {
      "original": "Cardiff",
      "conv": "zh-cn:加的夫; zh-hk:卡迪夫; zh-tw:卡地夫;"
    },
    {
      "original": "Caernarfon/Carnarvon",
      "conv": "zh-cn:卡那封;zh-my:卡纳温;zh-sg:卡纳温;zh-hk:加拿分;zh-mo:加拿分;zh-tw:卡納芬;"
    },
    {
      "original": "Caernarfon/Carnarvon",
      "conv": "卡納溫=>zh-cn:卡那封;卡納溫=>zh-hk:加拿分;卡納溫=>zh-mo:加拿分;卡納溫=>zh-tw:卡納芬;"
    },
    {
      "original": "Caernarfon/Carnarvon",
      "conv": "卡那封=>zh-my:卡纳温;卡那封=>zh-sg:卡纳温;卡那封=>zh-hk:加拿分;卡那封=>zh-mo:加拿分;卡那封=>zh-tw:卡納芬;"
    },
    {
      "original": "Caernarfon/Carnarvon",
      "conv": "加拿芬=>zh-cn:卡那封;加拿芬=>zh-my:卡纳温;加拿芬=>zh-sg:卡纳温;加拿芬=>zh-tw:卡納芬;"
    },
    {
      "original": "Caernarfon/Carnarvon",
      "conv": "卡納豐=>zh-cn:卡那封;卡納豐=>zh-my:卡纳温;卡納豐=>zh-sg:卡纳温;卡納豐=>zh-hk:加拿分;卡納豐=>zh-mo:加拿分;卡納豐=>zh-tw:卡納芬;"
    },
    {
      "original": "Caernarfon/Carnarvon",
      "conv": "卡纳丰=>zh-cn:卡那封温;卡纳丰=>zh-my:卡纳温;卡纳丰=>zh-sg:卡纳温;卡纳丰=>zh-hk:加拿分;卡纳丰=>zh-mo:加拿分;卡纳丰=>zh-tw:卡納芬;"
    },
    {
      "original": "Carpaţii Meridionali",
      "conv": "外西凡阿爾卑斯山=>zh-cn:南喀尔巴阡山脉;外西凡阿爾卑斯山=>zh-my:南喀尔巴阡山脉;外西凡阿爾卑斯山=>zh-sg:南喀尔巴阡山脉;外西凡阿爾卑斯山=>zh-hk:南喀爾巴阡山脈;外西凡阿爾卑斯山=>zh-mo:南喀爾巴阡山脈;外西凡阿爾卑斯山=>zh-tw:南喀爾巴阡山脈;"
    },
    {
      "original": "Castilla",
      "conv": "zh-cn:卡斯蒂利亚; zh-hant:卡斯蒂利亞; zh-tw:卡斯提亞;"
    },
    {
      "original": "Castilla-La Mancha",
      "conv": "zh-hans:卡斯蒂利亚-拉曼恰;zh-hant:卡斯蒂利亞-拉曼恰;zh-tw:卡斯提亞-拉曼查;"
    },
    {
      "original": "Castries",
      "conv": "zh-cn:卡斯特里; zh-tw:卡斯翠;"
    },
    {
      "original": "Catalonia",
      "conv": "zh-cn:加泰罗尼亚; zh-hk:加泰羅尼亞; zh-tw:加泰隆尼亞;"
    },
    {
      "original": "Chad",
      "conv": "乍得=>zh-tw:查德;"
    },
    {
      "original": "Chagos",
      "conv": "zh-cn:查戈斯; zh-tw:查哥斯;"
    },
    {
      "original": "Charing",
      "conv": "zh-cn:查灵; zh-hk:查令; zh-tw:查令;"
    },
    {
      "original": "Chennai",
      "conv": "zh-cn:金奈; zh-hk:清奈; zh-sg:清奈; zh-tw:欽奈;"
    },
    {
      "original": "Chernobyl",
      "conv": "zh-cn:切尔诺贝利; zh-tw:車諾比; zh-hk:切爾諾貝爾;"
    },
    {
      "original": "Chișinău",
      "conv": "zh-hans:基希讷乌;zh-hant:基希訥烏;zh-tw:奇西瑙;"
    },
    {
      "original": "Chișinău",
      "conv": "基希涅夫=>zh-tw:基希訥烏;基希涅夫=>zh-hk:基希訥烏;基希涅夫=>zh-hans:基希讷乌;"
    },
    {
      "original": "Ciskei",
      "conv": "zh-hans:西斯凯; zh-hant:西斯凱; zh-tw:希斯凱;"
    },
    {
      "original": "Coimbra",
      "conv": "zh-cn:科英布拉;zh-mo:哥英布拉;zh-tw:孔布拉;"
    },
    {
      "original": "College Park",
      "conv": "zh-hans:科利奇帕克;zh-hant:大學公園市;"
    },
    {
      "original": "Colombo",
      "conv": "zh-cn:科伦坡; zh-tw:可倫坡; zh-hk:科倫坡; zh-sg:哥伦坡;"
    },
    {
      "original": "Colorado Springs",
      "conv": "zh-hans:科罗拉多斯普林斯; zh-hant:科羅拉多泉;"
    },
    {
      "original": "Commonwealth of Australia",
      "conv": "zh-hant:澳大利亞聯邦; zh-hans:澳大利亚联邦;"
    },
    {
      "original": "Commonwealth of Nations",
      "conv": "zh-cn:英联邦; zh-tw:大英國協; zh-hk:英聯邦; zh-sg:共和联邦;"
    },
    {
      "original": "Commonwealth of Independent States",
      "conv": "zh-cn:独联体; zh-hk:獨聯體; zh-tw:獨立國協;"
    },
    {
      "original": "Comoros",
      "conv": "zh-cn:科摩罗; zh-hk:科摩羅; zh-tw:葛摩;"
    },
    {
      "original": "Conakry",
      "conv": "zh-cn:科纳克里; zh-tw:柯那克里;"
    },
    {
      "original": "Connacht/Connaught",
      "conv": "zh-cn:康诺特;zh-hk:干諾;zh-tw:康諾特;"
    },
    {
      "original": "Connaught",
      "conv": "康诺特=>zh-sg:康乐;干諾=>zh-sg:康乐;康諾特=>zh-sg:康乐;"
    },
    {
      "original": "Córdoba",
      "conv": "zh-hans:科尔多瓦; zh-hant:科爾多瓦; zh-tw:哥多華;"
    },
    {
      "original": "Cortina d’Ampezzo",
      "conv": "zh-cn:科尔蒂纳丹佩佐; zh-tw:柯蒂納戴比索;zh-hk:哥甸拿丹普素;"
    },
    {
      "original": "Costa Rica",
      "conv": "zh-cn:哥斯达黎加; zh-hk:哥斯達黎加; zh-tw:哥斯大黎加;"
    },
    {
      "original": "Coventry",
      "conv": "zh-cn:考文垂; zh-hk:高雲地利; zh-tw:科芬特里;"
    },
    {
      "original": "Crimea, Крым, Крим, Qırım",
      "conv": "zh-hans:克里米亚; zh-hant:克里米亞;"
    },
    {
      "original": "Crimea, Крым, Крим, Qırım",
      "conv": "zh-hans:克里木; zh-hant:克里木;"
    },
    {
      "original": "Cuanza",
      "conv": "zh-cn:宽扎; zh-tw:廣薩;"
    },
    {
      "original": "Curaçao",
      "conv": "zh-hans:库拉索; zh-hk:庫拉索; zh-tw:古拉索;"
    },
    {
      "original": "Cyprus",
      "conv": "zh-cn:塞浦路斯; zh-hk:塞浦路斯; zh-tw:賽普勒斯;"
    },
    {
      "original": "道里",
      "conv": "zh-cn:道里; zh-hans:道里; zh-tw:道裡; zh-hk:道裡; zh-hans:道裡;"
    },
    {
      "original": "道里区",
      "conv": "zh-cn:道里区; zh-hans:道里区; zh-tw:道裡區; zh-hk:道裡區; zh-hans:道裡區;"
    },
    {
      "original": "Dar es Salaam",
      "conv": "zh-hans:达累斯萨拉姆;zh-tw:三蘭港;zh-hk:達累斯薩拉姆;"
    },
    {
      "original": "Dar es Salaam",
      "conv": "沙蘭港=>zh-cn:达累斯萨拉姆;沙蘭港=>zh-sg:达累斯萨拉姆;沙蘭港=>zh-my:达累斯萨拉姆;沙蘭港=>zh-hk:達累斯薩拉姆;沙蘭港=>zh-mo:達累斯薩拉姆;"
    },
    {
      "original": "Darfur",
      "conv": "zh-cn:达尔富尔;zh-hk:達爾富爾;zh-tw:達佛;"
    },
    {
      "original": "Denpasar",
      "conv": "zh-cn:登巴萨; zh-tw:丹帕沙; zh-hk:登巴薩; zh-sg:登巴萨;"
    },
    {
      "original": "Delft",
      "conv": "zh-hans:代尔夫特;zh-hk:代爾夫特;zh-tw:臺夫特;"
    },
    {
      "original": "Dibër",
      "conv": "zh-hans:迪勃拉; zh-hant:第巴爾;"
    },
    {
      "original": "Dili",
      "conv": "zh-cn:帝力; zh-tw:狄力; zh-hk:帝力;"
    },
    {
      "original": "Djibouti",
      "conv": "zh-cn:吉布提; zh-hk:吉布提; zh-tw:吉布地;"
    },
    {
      "original": "Dodoma",
      "conv": "zh:多多馬;zh-cn:多多马;zh-tw:杜篤瑪;"
    },
    {
      "original": "Doha",
      "conv": "zh-cn:多哈; zh-tw:杜哈; zh-hk:多哈;"
    },
    {
      "original": "Dominicana",
      "conv": "zh-cn:多米尼加; zh-tw:多明尼加; zh-hk:多米尼加;"
    },
    {
      "original": "Dniester",
      "conv": "zh-cn:德涅斯特; zh-tw:聶斯特; zh-hk:德涅斯特;"
    },
    {
      "original": "Dnieper",
      "conv": "zh-hans:第聂伯;zh-hk:第聶伯;zh-tw:聶伯;"
    },
    {
      "original": "Douro/Duero",
      "conv": "zh-hans:杜罗河;zh-hant:斗羅河;"
    },
    {
      "original": "DPRK",
      "conv": "zh-cn:朝鲜民主主义人民共和国; zh-tw:朝鮮民主主義人民共和國;"
    },
    {
      "original": "Drakensberg",
      "conv": "zh-hans:德拉肯斯山脉; zh-hant:德拉肯斯山脈; zh-tw:龍山山脈;"
    },
    {
      "original": "Durban",
      "conv": "zh-hans:德班; zh-hant:德班; zh-tw:德爾班;"
    },
    {
      "original": "Dushanbe",
      "conv": "zh-cn:杜尚别; zh-tw:杜尚貝; zh-hk:杜尚別;"
    },
    {
      "original": "Dresden",
      "conv": "zh-cn:德累斯顿; zh-tw:德勒斯登; zh-hk:德累斯頓;"
    },
    {
      "original": "Darmstadt",
      "conv": "zh-cn:达姆施塔特; zh-tw:達姆城;"
    },
    {
      "original": "Edmonton",
      "conv": "zh-hans:埃德蒙顿; zh-hant:艾德蒙頓; zh-hk:愛民頓; zh-tw:愛蒙頓; zh-mo:愛民頓;"
    },
    {
      "original": "Edirne",
      "conv": "zh-tw:愛第尼; zh-hant:埃迪爾內; zh-hans:埃迪尔内;"
    },
    {
      "original": "جمهوريّة مصرالعربيّة、Arab Republic of Egypt",
      "conv": "zh-cn:阿拉伯埃及共和国; zh-tw:埃及阿拉伯共和國;"
    },
    {
      "original": "Eindhoven",
      "conv": "zh-cn:埃因霍温; zh-hant:埃因霍溫; zh-hk:燕豪芬; zh-tw:恩荷芬; zh-sg:艾恩德霍芬;"
    },
    {
      "original": "English Channel",
      "conv": "zh-cn:英吉利海峡; zh-hk:英倫海峽; zh-tw:英吉利海峽;"
    },
    {
      "original": "Erbil",
      "conv": "zh-hans:埃尔比勒; zh-hant:埃爾比勒; zh-tw:艾比爾;"
    },
    {
      "original": "Eritrea",
      "conv": "zh-cn:厄立特里亚; zh-hk:厄立特里亞; zh-tw:厄利垂亞;"
    },
    {
      "original": "Ethiopia",
      "conv": "zh-cn:埃塞俄比亚; zh-hk:埃塞俄比亞; zh-tw:衣索比亞;"
    },
    {
      "original": "Euboea",
      "conv": "zh-cn:埃维亚; zh-hk:埃維亞; zh-tw:尤比亞;"
    },
    {
      "original": "Eisenach",
      "conv": "zh-cn:爱森纳赫; zh-tw:艾森納赫;"
    },
    {
      "original": "Florence",
      "conv": "zh-hans:佛罗伦萨; zh-tw:佛羅倫斯; zh-hk:佛羅倫斯;"
    },
    {
      "original": "Flevoland",
      "conv": "zh-hans:弗莱福兰;zh-hk:弗萊福蘭;zh-tw:夫利佛蘭;"
    },
    {
      "original": "Freycinet",
      "conv": "zh-hans:弗雷西内; zh-tw:弗雷西內; zh-hk:菲瑟涅;"
    },
    {
      "original": "Friesland",
      "conv": "zh-hans:弗里斯兰;zh-hant:菲士蘭;"
    },
    {
      "original": "Friesland",
      "conv": "弗里西=>zh-tw:菲士蘭;弗里西=>zh-hk:菲士蘭;弗里西=>zh-mo:菲士蘭;"
    },
    {
      "original": "Friesland",
      "conv": "弗里斯=>zh-tw:菲士蘭;弗里斯=>zh-hk:菲士蘭;弗里斯=>zh-mo:菲士蘭;"
    },
    {
      "original": "Frisia（Friesland的英文名）",
      "conv": "zh-hans:弗里西亚;zh-hant:非里西亞;"
    },
    {
      "original": "Gabon",
      "conv": "zh-cn:加蓬; zh-hk:加蓬; zh-tw:加彭;"
    },
    {
      "original": "Gaborone",
      "conv": "zh-cn:哈博罗内; zh-tw:嘉柏隆里;"
    },
    {
      "original": "Galápagos Islands",
      "conv": "zh-tw:加拉巴哥群島;zh-cn:科隆群岛;zh-hk:加拉帕戈斯群島;"
    },
    {
      "original": "Gambia",
      "conv": "zh-cn:冈比亚;zh-tw:甘比亞;zh-hk:岡比亞;zh-sg:冈比亚;"
    },
    {
      "original": "Gaza",
      "conv": "zh-cn:加沙;zh-hk:加沙;zh-tw:加薩;"
    },
    {
      "original": "Gaza Strip",
      "conv": "zh-cn:加沙地带;zh-hk:加沙走廊;zh-tw:加薩走廊;"
    },
    {
      "original": "Georgetown",
      "conv": "zh-cn:乔治敦; zh-tw:喬治城; zh-hk:佐治城;"
    },
    {
      "original": "Georgia (country)",
      "conv": "zh-cn:格鲁吉亚; zh-hk:格魯吉亞; zh-tw:喬治亞;"
    },
    {
      "original": "Georgia (state)",
      "conv": "zh-cn:佐治亚州; zh-hk:佐治亞州; zh-tw:喬治亞州;"
    },
    {
      "original": "Goderich",
      "conv": "zh-cn:戈德里奇; zh-hk:哥打列治; zh-tw:戈德里奇;"
    },
    {
      "original": "Gosford",
      "conv": "zh-cn:戈斯福德; zh-hk:高士福; zh-tw:高士福;"
    },
    {
      "original": "Gothenburg",
      "conv": "zh-cn:哥德堡; zh-tw:哥特堡; zh-hk:哥德堡; zh-sg:哥德堡;"
    },
    {
      "original": "Graz",
      "conv": "zh-cn:格拉茨; zh-tw:格拉茲; zh-hk:格拉茨;"
    },
    {
      "original": "Granada",
      "conv": "zh-hans:格拉纳达;zh-hant:格拉納達;zh-hk:格拉拿達;"
    },
    {
      "original": "Grenada",
      "conv": "zh:格林纳达; zh-cn:格林纳达; zh-tw:格瑞那達; zh-hk:格林納達;"
    },
    {
      "original": "Guadalcanal",
      "conv": "zh-cn:瓜达尔卡纳尔;zh-tw:瓜達康納爾; zh-hk:瓜達爾卡納爾;"
    },
    {
      "original": "Guadalupe",
      "conv": "zh-cn:瓜达卢佩; zh-tw:瓜達魯佩; zh-hk:瓜達盧佩;"
    },
    {
      "original": "Guadalupe",
      "conv": "瓜達露佩=>zh-cn:瓜达卢佩; 瓜達露佩=>zh-tw:瓜達魯佩; 瓜達露佩=>zh-hk:瓜達盧佩;"
    },
    {
      "original": "Guadalupe",
      "conv": "zh-cn:瓜达卢普; zh-tw:瓜達魯普; zh-hk:瓜達盧普;"
    },
    {
      "original": "Guatemala",
      "conv": "zh-cn:危地马拉; zh-tw:瓜地馬拉; zh-hk:危地馬拉;"
    },
    {
      "original": "Guatemala City",
      "conv": "zh-cn:危地马拉城; zh-tw:瓜地馬拉市; zh-hk:危地馬拉市;"
    },
    {
      "original": "Guinea-Bissau",
      "conv": "zh-cn:几内亚比绍; zh-hk:畿內亞比紹; zh-tw:幾內亞比索;"
    },
    {
      "original": "Guinea",
      "conv": "zh-cn:几内亚; zh-hk:畿內亞; zh-tw:幾內亞;"
    },
    {
      "original": "Győr-Moson-Sopron",
      "conv": "zh-cn:杰尔-莫雄-肖普朗; zh-tw:焦爾-莫松-肖普朗; zh-hk:傑爾-莫雄-肖普朗;"
    },
    {
      "original": "Hamilton",
      "conv": "zh-cn:汉密尔顿; zh-tw:漢密爾頓; zh-hk:咸美頓;"
    },
    {
      "original": "Hamilton",
      "conv": "zh-cn:哈密尔顿; zh-hk:咸美頓; zh-tw:漢彌爾頓;"
    },
    {
      "original": "Härnösand",
      "conv": "海讷桑德; zh-hk:海訥珊; zh-tw:哈內珊;"
    },
    {
      "original": "Haute Volta",
      "conv": "zh-cn:上沃尔特; zh-hk:上沃爾特;zh-tw:上伏塔;"
    },
    {
      "original": "Havana",
      "conv": "zh-cn:哈瓦那; zh-hk:夏灣拿; zh-tw:哈瓦那;"
    },
    {
      "original": "Hebron",
      "conv": "zh-cn:希伯伦; zh-hk:希伯倫; zh-tw:希布倫;"
    },
    {
      "original": "Hebron",
      "conv": "希伯仑=>zh-cn:希伯伦; 希伯仑=>zh-hk:希伯倫; 希伯仑=>zh-tw:希布倫;"
    },
    {
      "original": "Hebron",
      "conv": "希伯侖=>zh-cn:希伯伦; 希伯侖=>zh-hk:希伯倫; 希伯侖=>zh-tw:希布倫;"
    },
    {
      "original": "Hebron",
      "conv": "希伯崙=>zh-cn:希伯伦; 希伯崙=>zh-hk:希伯倫; 希伯崙=>zh-tw:希布倫;"
    },
    {
      "original": "Hobart",
      "conv": "zh-hans:霍巴特; zh-tw:荷巴特; zh-hk:荷伯特;"
    },
    {
      "original": "Hollywood",
      "conv": "zh-cn:好莱坞; zh-tw:好萊塢; zh-hk:荷里活;"
    },
    {
      "original": "Holstein",
      "conv": "zh-hans:荷尔斯泰因;zh-hk:荷爾斯泰因;zh-tw:霍爾斯坦;"
    },
    {
      "original": "Honiara",
      "conv": "zh-cn:霍尼亚拉; zh-tw:荷尼阿拉;"
    },
    {
      "original": "Honduras",
      "conv": "zh-cn:洪都拉斯; zh-tw:宏都拉斯; zh-hk:洪都拉斯;"
    },
    {
      "original": "Houston",
      "conv": "zh-hans:休斯敦;zh-hk:侯斯頓;zh-tw:休士頓;"
    },
    {
      "original": "Huron",
      "conv": "zh-cn:休伦; zh-hk:曉倫; zh-tw:休倫;"
    },
    {
      "original": "Iberia",
      "conv": "zh-cn:伊比利亚; zh-hk:伊比利亞; zh-tw:伊比利;"
    },
    {
      "original": "IJssel",
      "conv": "zh-hans:艾瑟尔; zh-hant:艾瑟爾; zh-hk:愛塞; zh-tw:愛塞;"
    },
    {
      "original": "Illes Balears",
      "conv": "zh-hans:巴利阿里群岛;zh-hant:巴利阿里群島;zh-tw:巴利亞利群島;"
    },
    {
      "original": "inuit",
      "conv": "zh-hans:因纽特; zh-hant:因努伊特;"
    },
    {
      "original": "Irkutsk",
      "conv": "zh-hant:伊爾庫茨克;zh-hans:伊尔库茨克; zh-tw:伊爾庫次克;"
    },
    {
      "original": "Islamabad",
      "conv": "zh-cn:伊斯兰堡; zh-tw:伊斯蘭瑪巴德; zh-hk:伊斯蘭堡;"
    },
    {
      "original": "Istanbul",
      "conv": "zh-hant:伊斯坦布爾; zh-cn:伊斯坦布尔; zh-tw:伊斯坦堡; zh-hk:伊斯坦堡; zh-sg:伊斯坦布尔;"
    },
    {
      "original": "Italian Libya",
      "conv": "zh-cn:意属利比亚; zh-tw:義屬利比亞; zh-hk:意屬利比亞; zh-sg:意属利比亚;"
    },
    {
      "original": "Italiana",
      "conv": "zh-hans:意属; zh-cn:意属; zh-tw:義屬; zh-hk:意屬; zh-sg:意属;"
    },
    {
      "original": "Ivano-Frankivsk",
      "conv": "zh-cn:伊万诺-弗兰科夫斯克; zh-hk:伊凡-法兰科夫; zh-tw:伊瓦諾-福蘭基夫斯克;"
    },
    {
      "original": "Canton of Jura",
      "conv": "zh-cn:汝拉州; zh-hk:侏羅州; zh-tw:侏羅邦;"
    },
    {
      "original": "Jura",
      "conv": "zh-cn:汝拉山; zh-hk:侏羅山; zh-tw:侏羅山;"
    },
    {
      "original": "Johannesburg",
      "conv": "zh-hans:约翰内斯堡;zh-hant:約翰內斯堡;zh-tw:約翰尼斯堡;"
    },
    {
      "original": "Kabul",
      "conv": "zh-hans:喀布尔;zh-hant:喀布爾;"
    },
    {
      "original": "Kalahari Desert",
      "conv": "zh-hans:卡拉哈里沙漠;zh-hant:喀拉哈里沙漠;"
    },
    {
      "original": "Kalimantan Island",
      "conv": "zh-cn:加里曼丹岛;zh-tw:婆羅洲;zh-sg:婆罗洲岛;"
    },
    {
      "original": "Kampala",
      "conv": "zh-cn:坎帕拉;zh-tw:康培拉;"
    },
    {
      "original": "Kandahar",
      "conv": "zh-cn:坎大哈;zh-tw:坎達哈;zh-hk:坎大哈;"
    },
    {
      "original": "Kaunas",
      "conv": "考那斯=>zh-tw:考納斯;考那斯=>zh-cn:考纳斯;考納斯=>zh-hk:考那斯;考納斯=>zh-mo:考那斯;"
    },
    {
      "original": "Kazakhstan",
      "conv": "zh-cn:哈萨克斯坦; zh-hk:哈薩克; zh-tw:哈薩克; zh-hant:哈薩克斯坦;zh-hans:哈萨克斯坦;"
    },
    {
      "original": "Kermadec",
      "conv": "zh-cn:克马德克; zh-hk:克馬德克; zh-tw:克馬德克;zh:克馬得;"
    },
    {
      "original": "Kenya",
      "conv": "zh-cn:肯尼亚; zh-hk:肯雅; zh-tw:肯亞;"
    },
    {
      "original": "Керч",
      "conv": "zh-hans:刻赤;zh-hant:克赤;"
    },
    {
      "original": "Kitchener",
      "conv": "zh-hans:基奇纳; zh-hk:基秦拿; zh-tw:基秦拿;"
    },
    {
      "original": "Kigali",
      "conv": "zh-cn:基加利; zh-tw:吉佳利; zh-hk:基加利;"
    },
    {
      "original": "Kingston",
      "conv": "zh-cn:金斯敦;zh-tw:京斯敦;zh-hk:京士頓;"
    },
    {
      "original": "Kingston",
      "conv": "金斯顿=>zh-hk:京士頓;金斯顿=>zh-mo:京士頓;金斯顿=>zh-tw:京斯敦;"
    },
    {
      "original": "Kingston",
      "conv": "金斯頓=>zh-hk:京士頓;金斯頓=>zh-mo:京士頓;金斯頓=>zh-tw:京斯敦;"
    },
    {
      "original": "Kingston",
      "conv": "京斯顿=>zh-hk:京士頓;京斯顿=>zh-mo:京士頓;京斯顿=>zh-cn:金斯敦;京斯顿=>zh-my:金斯敦;京斯顿=>zh-sg:金斯敦;"
    },
    {
      "original": "Kingston",
      "conv": "京斯頓=>zh-hk:京士頓;京斯頓=>zh-mo:京士頓;京士頓;京斯頓=>zh-cn:金斯敦;京斯頓=>zh-my:金斯敦;京士頓;京斯頓=>zh-sg:金斯敦;"
    },
    {
      "original": "Kingstown",
      "conv": "zh-cn:金斯敦;zh-my:金斯敦;zh-tw:金石城;zh-sg:金斯敦;zh-hk:京士頓;zh-mo:京士頓;"
    },
    {
      "original": "Kinshasa",
      "conv": "zh-cn:金沙萨;zh-tw:金夏沙;zh-hk:金沙薩;"
    },
    {
      "original": "Kitchener",
      "conv": "zh-hans:基奇纳;zh-hant:基秦拿;"
    },
    {
      "original": "Korçë",
      "conv": "zh-hans:科尔察; zh-hant:科赤;"
    },
    {
      "original": "Korsakov",
      "conv": "zh-hant:科爾薩科夫; zh-hk:高沙哥夫; zh-tw:科沙可夫; zh-cn:科尔萨科夫;"
    },
    {
      "original": "Kosrae",
      "conv": "zh-hans:科斯雷; zh-tw:科斯雷;zh-hk:庫賽埃;"
    },
    {
      "original": "Kurd",
      "conv": "zh:庫爾德; zh-hans:库尔德; zh-hk:庫爾德; zh-tw:庫德;"
    },
    {
      "original": "Kursk",
      "conv": "zh-hans:库尔斯克;zh-hk:庫爾斯克;zh-tw:庫斯克;"
    },
    {
      "original": "Kwajalein",
      "conv": "zh-hans:夸贾林;zh-hant:瓜加林;"
    },
    {
      "original": "Kyrgyzstan",
      "conv": "zh-cn:吉尔吉斯斯坦;zh-my:吉尔吉斯斯坦;zh-sg:吉尔吉斯斯坦;zh-hk:吉爾吉斯;zh-tw:吉爾吉斯;zh-mo:吉爾吉斯;zh-hans:吉尔吉斯斯坦;zh-hant:吉爾吉斯斯坦;"
    },
    {
      "original": "Kyrgyzstan",
      "conv": "吉尔吉斯=>zh-cn:吉尔吉斯斯坦;吉尔吉斯=>zh-my:吉尔吉斯斯坦;吉尔吉斯=>zh-sg:吉尔吉斯斯坦;"
    },
    {
      "original": null,
      "conv": "zh-cn:柯尔克孜语;zh-hant:吉爾吉斯語;zh-sg:吉尔吉斯语;"
    },
    {
      "original": null,
      "conv": "zh-hans:吉尔吉斯苏维埃;zh-hant:吉爾吉斯蘇維埃;"
    },
    {
      "original": "Kyrgyz Republic",
      "conv": "zh-hans:吉尔吉斯共和国;zh-hant:吉爾吉斯共和國;"
    },
    {
      "original": "Lagos",
      "conv": "zh:拉各斯; zh-cn:拉各斯; zh-tw:拉哥斯; zh-hk:拉各斯;"
    },
    {
      "original": "La Mancha",
      "conv": "zh-cn:拉曼恰; zh-hant:拉曼恰; zh-tw:拉曼查;"
    },
    {
      "original": "Laos",
      "conv": "zh-cn:老挝; zh-hk:老撾; zh-sg:寮国; zh-tw:寮國;"
    },
    {
      "original": "Lao language",
      "conv": "zh-cn:老挝语; zh-hk:老撾語; zh-sg:寮语; zh-tw:寮語;"
    },
    {
      "original": "Lao alphabet",
      "conv": "zh-cn:老挝文; zh-hk:老撾文; zh-sg:寮文; zh-tw:寮文;"
    },
    {
      "original": "Lao People's Democratic Republic",
      "conv": "zh-cn:老挝人民民主共和国;zh-hk:老撾人民民主共和國; zh-sg:寮人民民主共和国; zh-tw:寮人民民主共和國;"
    },
    {
      "original": "Laos, Kingdom of",
      "conv": "zh-cn:老挝王国; zh-hk:老撾王國; zh-sg:寮王国; zh-tw:寮王國;"
    },
    {
      "original": "French Protectorate  of Laos",
      "conv": "zh-cn:老挝法国保护国; zh-tw:寮法國保護國; zh-hk:老撾法國保護國;zh-sg:寮法国保护国;"
    },
    {
      "original": "Pathet Lao",
      "conv": "zh-cn:巴特寮; zh-tw:巴特寮; zh-hk:巴特寮; zh-sg:巴特寮;"
    },
    {
      "original": "Leeuwarden",
      "conv": "zh-cn:吕伐登; zh-tw:雷瓦登;"
    },
    {
      "original": "Le Mans",
      "conv": "勒芒=>zh-tw:利曼; 勒芒=>zh-hk:利曼; 勒芒=>zh-mo:利曼;"
    },
    {
      "original": "Lesbos",
      "conv": "zh-hans:莱斯沃斯; zh-hk:萊斯沃斯; zh-tw:列斯伏斯;"
    },
    {
      "original": "Lesotho",
      "conv": "zh-cn:莱索托; zh-hk:萊索托; zh-tw:賴索托; zh-sg:莱索托;"
    },
    {
      "original": "Leyte Island",
      "conv": "zh-cn:莱特岛; zh-hk:雷伊泰島; zh-tw:雷伊泰島;"
    },
    {
      "original": "Leyte Island",
      "conv": "zh-cn:莱特省; zh-hk:雷伊泰省; zh-tw:雷伊泰省;"
    },
    {
      "original": "Leyte Gulf",
      "conv": "zh-cn:莱特湾; zh-hk:雷伊泰灣; zh-tw:雷伊泰灣;"
    },
    {
      "original": "Liberia",
      "conv": "zh-cn:利比里亚; zh-hk:利比里亞; zh-tw:賴比瑞亞;"
    },
    {
      "original": "Liechtenstein",
      "conv": "zh-tw:列支敦斯登; zh-cn:列支敦士登; zh-hk:列支敦士登;"
    },
    {
      "original": "Lillehammer",
      "conv": "zh-cn:利勒哈默尔; zh-tw:利樂漢瑪;zh-hk:利勒哈默;zh-mo:利樂漢瑪;"
    },
    {
      "original": "Lilongwe",
      "conv": "zh-cn:利隆圭; zh-tw:里朗威; zh-hk:利隆威;"
    },
    {
      "original": "Linköping",
      "conv": "zh-cn:林雪平; zh-hk:林雪坪; zh-tw:林雪坪; zh-sg:林雪坪;"
    },
    {
      "original": "Linz",
      "conv": "zh-cn:林茨; zh-tw:林茲; zh-hk:林茨;"
    },
    {
      "original": "Ljubljana",
      "conv": "zh-cn:卢布尔雅那; zh-hk:盧布爾雅那; zh-tw:盧比安納;"
    },
    {
      "original": "Lombardia",
      "conv": "zh-cn:伦巴第; zh-tw:倫巴底;"
    },
    {
      "original": "Luanda",
      "conv": "zh-cn:罗安达; zh-tw:魯安達; zh-hk:羅安達;"
    },
    {
      "original": "Luanda",
      "conv": "盧安達=>zh-cn:罗安达;盧安達=>zh-my:罗安达;盧安達=>zh-sg:罗安达;"
    },
    {
      "original": "Luanda",
      "conv": "卢安达=>zh-cn:罗安达;卢安达=>zh-my:罗安达;卢安达=>zh-sg:罗安达;"
    },
    {
      "original": "Lunda",
      "conv": "zh-cn:隆达省; zh-tw:倫達省;"
    },
    {
      "original": "Lusaka",
      "conv": "zh-hans:卢萨卡; zh-hant:盧薩卡; zh-tw:路沙卡;"
    },
    {
      "original": "Lübeck",
      "conv": "zh-cn:吕贝克; zh-hant:呂貝克; zh-tw:呂北克;"
    },
    {
      "original": "Luzern",
      "conv": "zh-hans:卢塞恩; zh-tw:琉森; zh-hk:琉森;"
    },
    {
      "original": "Lviv",
      "conv": "zh-hans:利沃夫; zh-hk:利沃夫; zh-tw:利維夫;"
    },
    {
      "original": "Maas",
      "conv": "zh-hans:马斯河; zh-hant:馬士河;"
    },
    {
      "original": "Maastricht",
      "conv": "zh-cn:马斯特里赫特; zh-hk:馬斯特里赫特; zh-tw:馬斯垂克;"
    },
    {
      "original": "Madagascar",
      "conv": "zh-cn:马达加斯加; zh-hk:馬達加斯加; zh-tw:馬達加斯加;"
    },
    {
      "original": "Mainz",
      "conv": "zh-cn:美因茨; zh-tw:美因茲; zh-hk:緬恩斯;"
    },
    {
      "original": "Magdeburg",
      "conv": "zh-hans:马格德堡; zh-hant:馬德堡;"
    },
    {
      "original": "Malawi",
      "conv": "zh-cn:马拉维; zh-tw:馬拉威; zh-hk:馬拉維;"
    },
    {
      "original": "Maldives",
      "conv": "zh-cn:马尔代夫; zh-hk:馬爾代夫; zh-sg:马尔代夫; zh-tw:馬爾地夫;"
    },
    {
      "original": "Malmö",
      "conv": "zh-cn:马尔默; zh-tw:馬爾摩; zh-hk:馬爾摩;"
    },
    {
      "original": "Maluku",
      "conv": "zh-cn:马鲁古; zh-hk:摩鹿加; zh-tw:摩鹿加;"
    },
    {
      "original": "Majuro",
      "conv": "zh-cn:马朱罗; zh-tw:馬久羅;"
    },
    {
      "original": "Malta",
      "conv": "zh-hans:马耳他;zh-tw:馬爾他;zh-hk:馬耳他;"
    },
    {
      "original": "Isle of Man",
      "conv": "zh-tw:曼島;zh-cn:马恩岛;zh-hk:萌島;"
    },
    {
      "original": "Isle of Man",
      "conv": "馬恩島=>zh-tw:曼島;馬恩島=>zh-hk:萌島;馬恩島=>zh-mo:萌島;"
    },
    {
      "original": "Managua",
      "conv": "zh-cn:马那瓜; zh-tw:馬納瓜;zh:馬拿瓜;"
    },
    {
      "original": "Manama",
      "conv": "zh-cn:麦纳麦; zh-tw:麥納瑪;"
    },
    {
      "original": "Manitoba",
      "conv": "zh-cn:马尼托巴;zh-hk:緬尼吐巴;zh-tw:曼尼托巴;"
    },
    {
      "original": "Manitoba",
      "conv": "馬尼托巴=>zh-tw:曼尼托巴;馬尼托巴=>zh-hk:緬尼吐巴;馬尼托巴=>zh-mo:緬尼吐巴;"
    },
    {
      "original": "Mantua",
      "conv": "zh-cn:曼托瓦; zh-tw:曼托瓦; zh-hk:曼圖亞;"
    },
    {
      "original": "Maputo",
      "conv": "zh-hans:马普托; zh-hant:馬普托; zh-tw:馬布多;"
    },
    {
      "original": "Marbella",
      "conv": "zh-hans:马尔韦利亚;zh-hant:馬貝拉;"
    },
    {
      "original": "Marbella",
      "conv": "马贝拉=>zh-cn:马尔韦利亚;马贝拉=>zh-sg:马尔韦利亚;马贝拉=>zh-my:马尔韦利亚;"
    },
    {
      "original": "Mariana",
      "conv": "zh-hans:马里亚纳;zh-hant:馬利安納;"
    },
    {
      "original": "Maseru",
      "conv": "zh-cn:马塞卢; zh-tw:馬賽魯;"
    },
    {
      "original": "Mauritania",
      "conv": "zh-cn:毛里塔尼亚; zh-hk:毛里塔尼亞; zh-tw:茅利塔尼亞;"
    },
    {
      "original": "Mauritius",
      "conv": "zh-cn:毛里求斯; zh-hk:毛里裘斯; zh-tw:模里西斯; zh-sg:毛里求斯;"
    },
    {
      "original": "Mbabane",
      "conv": "zh-cn:姆巴巴内; zh-tw:墨巴本;"
    },
    {
      "original": "Milwaukee",
      "conv": "zh-cn:密尔沃基; zh-tw:密爾瓦基; zh-hk:密爾沃基;"
    },
    {
      "original": "Minneapolis",
      "conv": "zh-cn:明尼阿波利斯; zh-hk:明尼阿波利斯; zh-tw:明尼亞波利斯;"
    },
    {
      "original": "Mogadishu",
      "conv": "zh-cn:摩加迪沙; zh-tw:摩加迪休; zh-hk:摩加迪沙;"
    },
    {
      "original": "Mönchengladbach",
      "conv": "zh-cn:门兴格拉德巴赫;zh-hk:慕遜加柏;zh-tw:慕森加柏;"
    },
    {
      "original": "Mont Blanc",
      "conv": "zh-cn:勃朗峰;zh-tw:白朗峰;zh-hk:白朗峰;"
    },
    {
      "original": "Montpellier",
      "conv": "zh-cn:蒙彼利埃;zh-tw:蒙皮立; zh-hk:蒙彼利埃;"
    },
    {
      "original": "Montevideo",
      "conv": "zh-cn:蒙得维的亚; zh-tw:蒙特維多; zh-hk:蒙特維多;"
    },
    {
      "original": "Montgomery",
      "conv": "zh-cn:蒙哥马利; zh-tw:蒙哥馬利; zh-hk:蒙哥馬利;"
    },
    {
      "original": "Montreal",
      "conv": "zh-cn:蒙特利尔; zh-tw:蒙特婁; zh-hk:滿地可;"
    },
    {
      "original": "Montreal",
      "conv": "蒙特利爾=>zh-tw:蒙特婁;蒙特利爾=>zh-hk:滿地可;蒙特利爾=>zh-mo:滿地可;"
    },
    {
      "original": "Montserrat",
      "conv": "zh-hans:蒙特塞拉特; zh-hant:蒙特塞拉特; zh-tw:蒙哲臘;"
    },
    {
      "original": "Moresby",
      "conv": "zh-cn:莫尔斯比;zh-tw:摩斯比;zh-hk:莫士比;"
    },
    {
      "original": "Moresby",
      "conv": "莫尔兹比=>zh-cn:莫尔斯比;莫尔兹比=>zh-my:莫尔斯比;莫尔兹比=>zh-sg:莫尔斯比;莫尔兹比=>zh-tw:摩斯比;莫尔兹比=>zh-hk:莫士比;莫尔兹比=>zh-mo:莫士比;"
    },
    {
      "original": "Moroni",
      "conv": "zh-cn:莫罗尼;zh-tw:莫洛尼;zh-hk:莫羅尼;"
    },
    {
      "original": "Mozambique",
      "conv": "zh-cn:莫桑比克; zh-tw:莫三比克; zh-hk:莫桑比克;"
    },
    {
      "original": "Mindanao",
      "conv": "zh-cn:棉兰老岛; zh-tw:民答那峨島; zh-hk:棉蘭老島;"
    },
    {
      "original": "Murcia",
      "conv": "zh-cn:穆尔西亚; zh-hant:穆爾西亞; zh-tw:莫夕亞; zh-hk:莫西亞;"
    },
    {
      "original": "Murmansk",
      "conv": "zh-hans:摩尔曼斯克; zh-hant:莫曼斯克;"
    },
    {
      "original": "Mühlhausen",
      "conv": "zh-cn:米尔豪森; zh-tw:慕豪森;"
    },
    {
      "original": "Myawaddy",
      "conv": "zh-cn:妙瓦底; zh-tw:苗瓦迪;"
    },
    {
      "original": "Nagorno-Karabakh",
      "conv": "zh-cn:纳戈尔诺-卡拉巴赫; zh-hk:納戈爾諾-卡拉巴赫; zh-tw:納戈爾諾-卡拉巴赫;"
    },
    {
      "original": "Navarra",
      "conv": "zh-cn:纳瓦拉; zh-hk:納華拉; zh-tw:納瓦拉;"
    },
    {
      "original": "Nairobi",
      "conv": "zh-cn:内罗毕; zh-hk:內羅比; zh-tw:奈洛比;"
    },
    {
      "original": "Namibia",
      "conv": "zh-cn:纳米比亚; zh-hk:納米比亞; zh-tw:納米比亞; zh-sg:那米比亚;"
    },
    {
      "original": "Napoli",
      "conv": "zh-cn:那不勒斯; zh-tw:拿坡里; zh-hk:拿坡里; zh-my:拿波利;"
    },
    {
      "original": "Nassau",
      "conv": "zh-cn:拿骚;zh-tw:拿索;zh-hk:蘭秀;"
    },
    {
      "original": "Nassau",
      "conv": "拿騷=>zh-tw:拿索;拿騷=>zh-hk:蘭秀;拿騷=>zh-mo:蘭秀;"
    },
    {
      "original": "Nassau",
      "conv": "拿紹=>zh-cn:拿骚;拿紹=>zh-my:拿骚;拿紹=>zh-sg:拿骚;拿紹=>zh-tw:拿索;拿紹=>zh-hk:蘭秀;拿紹=>zh-mo:蘭秀;"
    },
    {
      "original": "Nassau",
      "conv": "拿绍=>zh-cn:拿骚;拿绍=>zh-my:拿骚;拿绍=>zh-sg:拿骚;拿绍=>zh-tw:拿索;拿绍=>zh-hk:蘭秀;拿绍=>zh-mo:蘭秀;"
    },
    {
      "original": "Nassau",
      "conv": "納蘇=>zh-cn:拿骚;納蘇=>zh-my:拿骚;納蘇=>zh-sg:拿骚;納蘇=>zh-tw:拿索;納蘇=>zh-hk:蘭秀;納蘇=>zh-mo:蘭秀;"
    },
    {
      "original": "Nassau",
      "conv": "纳苏=>zh-cn:拿骚;纳苏=>zh-my:拿骚;纳苏=>zh-sg:拿骚;纳苏=>zh-tw:拿索;纳苏=>zh-hk:蘭秀;纳苏=>zh-mo:蘭秀;"
    },
    {
      "original": "Naypyidaw",
      "conv": "zh-cn:内比都; zh-tw:奈比多; zh-hk:內比都;"
    },
    {
      "original": "N'Djamena",
      "conv": "zh-cn:恩贾梅纳; zh-tw:恩加美納; zh-hk:恩賈梅納;"
    },
    {
      "original": "N'Djamena",
      "conv": "恩將納=>zh-cn:恩贾梅纳;恩將納=>zh-my:恩贾梅纳;恩將納=>zh-sg:恩贾梅纳;恩將納=>zh-hk:恩賈梅納;恩將納=>zh-mo:恩賈梅納;"
    },
    {
      "original": "Nelspruit",
      "conv": "zh-hans:内尔斯普雷特; zh-hant:尼爾斯普魯特;"
    },
    {
      "original": "Netherlands Antilles",
      "conv": "zh-hans:荷属安的列斯; zh-hant:荷屬安的列斯; zh-tw:荷屬安地列斯;"
    },
    {
      "original": "Newcastle",
      "conv": "zh-hans:纽卡斯尔;zh-tw:紐卡斯爾;zh-hk:紐卡素;"
    },
    {
      "original": "New Brunswick",
      "conv": "zh-cn:新不伦瑞克;zh-hk:紐賓士域;zh-tw:新布藍茲維;"
    },
    {
      "original": "New Brunswick",
      "conv": "新不倫瑞克=>zh-hk:紐賓士域;新不倫瑞克=>zh-mo:紐賓士域;新不倫瑞克=>zh-tw:新布藍茲維;"
    },
    {
      "original": "New Georgia",
      "conv": "zh-cn:新乔治亚; zh-hk:新佐治亞; zh-tw:新喬治亞;"
    },
    {
      "original": "New South Wales",
      "conv": "zh-hans:新南威尔士; zh-hk:新南威爾士; zh-sg:新南威尔斯; zh-tw:新南威爾斯;"
    },
    {
      "original": "New South Wales",
      "conv": "新南威爾斯省=>zh-cn:新南威尔士州;新南威爾斯省=>zh-hk:新南威爾士州;新南威爾斯省=>zh-mo:新南威爾士州;新南威爾斯省=>zh-my:新南威尔斯州;新南威爾斯省=>zh-sg:新南威尔斯州;新南威爾斯省=>zh-tw:新南威爾斯州;"
    },
    {
      "original": "New Zealand",
      "conv": "zh-hans:纽西兰; zh-hant:新西蘭; zh-cn:新西兰; zh-tw:紐西蘭; zh-hk:新西蘭;zh-mo:紐西蘭; zh-my:纽西兰; zh-sg:新西兰;"
    },
    {
      "original": "Niamey",
      "conv": "zh-cn:尼亚美; zh-hk:尼亞美; zh-tw:尼阿美;"
    },
    {
      "original": "Nicosia",
      "conv": "zh-cn:尼科西亚; zh-tw:尼柯西亞; zh-hk:尼科西亞;"
    },
    {
      "original": "Niger",
      "conv": "zh-cn:尼日尔; zh-hk:尼日爾; zh-tw:尼日;"
    },
    {
      "original": "Nigeria",
      "conv": "zh-cn:尼日利亚; zh-hk:尼日利亞; zh-tw:奈及利亞;"
    },
    {
      "original": "Nijmegen",
      "conv": "zh-hans:奈梅亨;zh-hk:尼美根;zh-tw:奈梅亨;"
    },
    {
      "original": "Normandy",
      "conv": "zh-cn:诺曼底; zh-hk:諾曼第; zh-tw:諾曼第;"
    },
    {
      "original": "North Rhine-Westphalia",
      "conv": "zh-hk:北萊茵-西法倫; zh-hans:北莱茵-威斯特法伦; zh-tw:北萊茵-西發利亞;"
    },
    {
      "original": "Nottingham",
      "conv": "zh-cn:诺丁汉;zh-hk:諾丁漢;zh-tw:諾丁罕;"
    },
    {
      "original": "Nouakchott",
      "conv": "zh-cn:努瓦克肖特; zh-tw:諾克少;"
    },
    {
      "original": "Nova Scotia",
      "conv": "zh-cn:新斯科舍; zh-hk:諾華斯高沙; zh-tw:新斯科細亞;"
    },
    {
      "original": "Novi Pazar",
      "conv": "zh-hans:新帕扎尔; zh-hk:新帕扎爾;zh-tw:新帕札;"
    },
    {
      "original": "Novi Sad",
      "conv": "zh-hans:诺维萨德; zh-hk:諾維薩德;zh-tw:新沙德;"
    },
    {
      "original": "Nuku'alofa",
      "conv": "zh-cn:努库阿洛法; zh-tw:努瓜婁發;"
    },
    {
      "original": "Nunavut",
      "conv": "zh-tw:努納福特; zh-hk:努納武特; zh-cn:努纳武特;"
    },
    {
      "original": "Nyköping",
      "conv": "zh-hans:尼雪平; zh-hk:尼雪平;zh-tw:尼科平;"
    },
    {
      "original": "Odessa",
      "conv": "zh-cn:敖德萨; zh-hk:奧迪沙; zh-tw:敖得薩;"
    },
    {
      "original": "Opole",
      "conv": "zh-cn:奥波莱; zh-hk:奧波萊; zh-tw:奧波列;"
    },
    {
      "original": "Ossetia",
      "conv": "zh-cn:奥塞梯; zh-hk:奧塞梯; zh-tw:奧塞提亞;"
    },
    {
      "original": "Oostende/Ostende",
      "conv": "zh-hans:奥斯坦德; zh-hk:奧斯坦德; zh-tw:奧斯滕德;"
    },
    {
      "original": "Ostrava",
      "conv": "zh-cn:俄斯特拉发; zh-hk:俄斯特拉發; zh-tw:奧斯特拉瓦;"
    },
    {
      "original": "Ouagadougou",
      "conv": "zh-cn:瓦加杜古; zh-hk:烏格都古; zh-tw:瓦加杜古;"
    },
    {
      "original": "Ottoman",
      "conv": "zh:奧斯曼;zh-hans:奥斯曼;zh-hant:鄂圖曼;"
    },
    {
      "original": "Ottoman",
      "conv": "奧斯曼=>zh-tw:鄂圖曼;奧斯曼=>zh-hk:鄂圖曼;奧斯曼=>zh-mo:鄂圖曼;"
    },
    {
      "original": "Øyrane",
      "conv": "zh-cn:厄于拉讷; zh-hk:愛蘭立; zh-tw:厄于拉訥;"
    },
    {
      "original": "Owen Sound",
      "conv": "zh-cn:欧文桑德; zh-hk:奧雲灣; zh-tw:歐文灣;"
    },
    {
      "original": "Palace of Westminster",
      "conv": "zh-cn:威斯敏斯特宫; zh-hk:西敏宮; zh-tw:西敏宮; zh-sg:西敏宫;"
    },
    {
      "original": "Palau",
      "conv": "zh-cn:帕劳;zh-tw:帛琉;zh-hk:帕勞;"
    },
    {
      "original": "Palikir",
      "conv": "zh-cn:帕利基尔; zh-tw:帕里克爾;"
    },
    {
      "original": "Papeete",
      "conv": "zh-cn:帕皮提;zh-tw:巴比提;"
    },
    {
      "original": "Paramaribo",
      "conv": "zh-cn:帕拉马里博; zh-tw:巴拉馬利波;"
    },
    {
      "original": "Paranal",
      "conv": "zh-cn:帕瑞纳; zh-tw:帕拉納; zh-hk:帕瑞納;"
    },
    {
      "original": "Peleliu",
      "conv": "zh-cn:佩莱利乌; zh-tw:佩里琉; zh-hk:佩里琉;"
    },
    {
      "original": "Penza",
      "conv": "zh-cn:奔萨; zh-tw:朋札; zh-hk:奔薩;"
    },
    {
      "original": "Penza",
      "conv": "奔薩=>zh-tw:朋札;"
    },
    {
      "original": "Perth",
      "conv": "zh-cn:珀斯; zh-hk:珀斯; zh-tw:伯斯;"
    },
    {
      "original": "Phuket",
      "conv": "zh-cn:普吉;zh-hk:布吉;zh-tw:普吉;zh-sg:普吉;"
    },
    {
      "original": "Place Vendôme",
      "conv": "zh-tw:芳登廣場; zh-cn:旺多姆广场; zh-hk:凡登廣場;"
    },
    {
      "original": "Plymouth",
      "conv": "zh-cn:普利茅斯;zh-tw:普利茅斯;zh-hk:普利茅夫;"
    },
    {
      "original": "Plzeň",
      "conv": "zh-cn:比尔森;zh-tw:皮爾森;zh-hk:柏辛;"
    },
    {
      "original": "P.N.G.",
      "conv": "zh-cn:巴新; zh-tw:巴紐; zh-hk:巴新;"
    },
    {
      "original": "Poltava",
      "conv": "zh-cn:波尔塔瓦; zh-tw:波塔瓦; zh-hk:波爾塔瓦;"
    },
    {
      "original": "Pomerania",
      "conv": "zh-cn:波美拉尼亚; zh-tw:波莫瑞; zh-hk:波美恩;"
    },
    {
      "original": "Port Elizabeth",
      "conv": "zh-hans:伊丽莎白港; zh-hk:伊利沙伯港; zh-tw:伊莉莎白港;"
    },
    {
      "original": "Port Louis",
      "conv": "zh-cn:路易港; zh-tw:路易士港; zh-hk:路易港;"
    },
    {
      "original": "Port Moresby",
      "conv": "zh-cn:莫尔斯比港;zh-tw:摩斯比港;zh-hk:莫士比港;"
    },
    {
      "original": "Port Moresby",
      "conv": "莫尔兹比港=>zh-cn:莫尔斯比港;莫尔兹比港=>zh-my:莫尔斯比港;莫尔兹比港=>zh-sg:莫尔斯比港;莫尔兹比港=>zh-tw:摩斯比港;莫尔兹比港=>zh-hk:莫士比港;莫尔兹比港=>zh-mo:莫士比港;"
    },
    {
      "original": "Porto",
      "conv": "波尔图=>zh-hk:波圖;波尔图=>zh-tw:波多;波爾圖=>zh-hk:波圖;波爾圖=>zh-tw:波多"
    },
    {
      "original": "Portsmouth",
      "conv": "zh-cn:朴次茅斯; zh-tw:樸茨茅斯; zh-hk:樸茨茅夫;zh:朴茨茅斯;"
    },
    {
      "original": "Praia",
      "conv": "zh-cn:普拉亚;zh-tw:培亞;zh-hk:普拉亞;"
    },
    {
      "original": "Pretoria",
      "conv": "zh-hans:比勒陀利亚;zh-hant:比勒陀利亞;zh-hk:普勒陀尼亞;zh-tw:普勒托利亞;"
    },
    {
      "original": "Pretoria",
      "conv": "普利托利亞=>zh-cn:比勒陀利亚;普利托利亞=>zh-my:比勒陀利亚;普利托利亞=>zh-sg:比勒陀利亚;普利托利亞=>zh-hk:普勒陀尼亞;普利托利亞=>zh-mo:普勒陀尼亞;"
    },
    {
      "original": "Przemyśl",
      "conv": "zh-hant:普熱梅希爾; zh-cn:普热梅希尔; zh-tw:普瑟密士;"
    },
    {
      "original": "Putrajaya",
      "conv": "zh-cn:布城; zh-tw:布城; zh-hk:布城;"
    },
    {
      "original": "Qatar",
      "conv": "zh-cn:卡塔尔; zh-hk:卡塔爾; zh-tw:卡達;"
    },
    {
      "original": "Queensland",
      "conv": "昆士蘭省=>zh-cn:昆士兰州;昆士蘭省=>zh-my:昆士兰州;昆士蘭省=>zh-sg:昆士兰州;昆士蘭省=>zh-tw:昆士蘭州;昆士蘭省=>zh-hk:昆士蘭州;昆士蘭省=>zh-mo:昆士蘭州;"
    },
    {
      "original": "Recife",
      "conv": "zh-hans:累西腓; zh-hk:利斯菲; zh-tw:勒西菲;"
    },
    {
      "original": "Reykjavík",
      "conv": "zh-cn:雷克雅未克; zh-hk:雷克雅未克; zh-tw:雷克雅維克;"
    },
    {
      "original": "Rheinland-Pfalz",
      "conv": "zh-cn:莱茵兰－普法尔茨;zh-tw:萊因蘭-法爾茲;"
    },
    {
      "original": "Rhodesia",
      "conv": "zh-cn:罗得西亚;zh-hk:羅德西亞;zh-tw:羅德西亞;"
    },
    {
      "original": "Richmond",
      "conv": "zh-cn:里士满;zh-hk:列治文;zh-tw:里奇蒙;"
    },
    {
      "original": "Rio Grande do Sul",
      "conv": "zh-cn:南里奥格兰德州; zh-hk:南里約格蘭州;zh-tw:南里約格朗德州;"
    },
    {
      "original": "Riyadh",
      "conv": "zh-cn:利雅得; zh-hk:利雅得;zh-tw:利雅德;"
    },
    {
      "original": "Roseau",
      "conv": "zh-cn:罗索; zh-tw:羅梭;"
    },
    {
      "original": "Rwanda",
      "conv": "zh-cn:卢旺达; zh-hk:盧旺達; zh-tw:盧安達;"
    },
    {
      "original": "Saarbrücken",
      "conv": "zh-cn:萨尔布吕肯; zh-tw:薩爾布魯根;"
    },
    {
      "original": "Sahel",
      "conv": "zh-cn:萨赫勒; zh-hk:薩赫勒; zh-tw:薩赫爾;"
    },
    {
      "original": "Saint Christopher and Nevis",
      "conv": "zh:聖克里斯多福及尼維斯; zh-sg:圣基茨和尼维斯; zh-tw:聖克里斯多福及尼維斯; zh-cn:圣基茨和尼维斯; zh-hk:聖基茨和尼維斯;"
    },
    {
      "original": "Saint Lawrence / Saint-Laurent",
      "conv": "zh-cn:圣劳伦斯; zh-hk:聖羅倫斯; zh-tw:聖羅倫斯;"
    },
    {
      "original": "Saint Pierre",
      "conv": "zh-cn:圣皮埃尔; zh-hk:聖皮埃爾; zh-tw:聖皮耶;"
    },
    {
      "original": "Saint Pierre and Miquelon",
      "conv": "zh-cn:圣皮埃尔和密克隆; zh-hk:聖皮埃爾和密克隆; zh-tw:聖皮耶與密克隆;"
    },
    {
      "original": "Saint Vincent and the Grenadines",
      "conv": "zh-cn:圣文森特和格林纳丁斯; zh-hk:聖文森特和格林納丁斯; zh-tw:聖文森及格瑞那丁;"
    },
    {
      "original": "Salzburg",
      "conv": "zh-cn:萨尔茨堡; zh-hk:薩爾斯堡; zh-tw:薩爾斯堡;"
    },
    {
      "original": "São Tomé and Príncipe",
      "conv": "zh-cn:圣多美和普林西比; zh-tw:聖多美普林西比; zh-hk:聖多美和普林西比;"
    },
    {
      "original": "Sana'a",
      "conv": "zh-cn:萨那; zh-tw:沙那;"
    },
    {
      "original": "San Francisco",
      "conv": "zh-cn:旧金山; zh-hk:三藩市;zh-tw:舊金山;"
    },
    {
      "original": "San José",
      "conv": "zh-cn:圣何塞;zh-hk:聖何西;zh-tw:聖荷西;zh-sg:圣荷西;"
    },
    {
      "original": "San José",
      "conv": "聖何塞=>zh-my:圣荷西;聖何塞=>zh-sg:圣荷西;聖何塞=>zh-hk:聖何西;聖何塞=>zh-mo:聖何西;聖何塞=>zh-tw:聖荷西;"
    },
    {
      "original": "San Marino",
      "conv": "zh-cn:圣马力诺; zh-tw:聖馬利諾; zh-hk:聖馬力諾;"
    },
    {
      "original": "Santiago",
      "conv": "zh-cn:圣地亚哥; zh-sg:圣地亚哥; zh-hant:聖地牙哥;"
    },
    {
      "original": "Santiago de Cubao",
      "conv": "zh-cn:古巴圣地亚哥; zh-tw:聖地亞哥-德古巴;"
    },
    {
      "original": "Santa Clara",
      "conv": "zh-cn:圣克拉拉; zh-hk:聖塔克拉拉; zh-tw:聖塔克拉拉;"
    },
    {
      "original": "Santo Domingo",
      "conv": "zh-cn:圣多明各; zh-tw:聖多明哥; zh-hk:聖多明各;"
    },
    {
      "original": "Sarajevo",
      "conv": "zh-cn:萨拉热窝; zh-tw:塞拉耶佛; zh-hk:薩拉熱窩;"
    },
    {
      "original": "Saskatchewan",
      "conv": "zh-cn:萨斯喀彻温; zh-tw:薩克其萬; zh-hk:沙斯卡寸旺; zh-hant:薩斯喀徹溫;"
    },
    {
      "original": "Saudi",
      "conv": "zh-cn:沙特; zh-hk:沙地; zh-tw:沙烏地; zh-my:沙地; zh-sg:沙特;"
    },
    {
      "original": "Saudi Arabia (full)",
      "conv": "zh-cn:沙特阿拉伯; zh-hk:沙地阿拉伯; zh-tw:沙烏地阿拉伯; zh-my:沙地阿拉伯; zh-sg:沙特阿拉伯;"
    },
    {
      "original": "Schengen",
      "conv": "zh-cn:申根;zh-tw:申根;zh-hk:神根;"
    },
    {
      "original": "Schleswig",
      "conv": "zh-cn:石勒苏益格; zh-tw:什列斯威;"
    },
    {
      "original": "Schwaben",
      "conv": "zh-cn:施瓦本; zh-hk:士瓦本; zh-tw:施瓦本;"
    },
    {
      "original": "Schwyz/Schwytz/Svitto/Sviz",
      "conv": "zh-hans:施维茨;zh-hant:施維茨;zh-tw:舒維茲;"
    },
    {
      "original": "Scheveningen",
      "conv": "zh-hans:斯海弗宁恩; zh-tw:席凡寧根;"
    },
    {
      "original": "Isles of Scilly",
      "conv": "zh-cn:锡利群岛; zh-tw:夕利群島;"
    },
    {
      "original": "Serbia and Montenegro",
      "conv": "zh-cn:塞黑; zh-hk:塞黑; zh-tw:塞蒙;"
    },
    {
      "original": "Serbia and Montenegro (full)",
      "conv": "zh-cn:塞尔维亚和黑山; zh-hk:塞爾維亞和黑山; zh-tw:塞爾維亞與蒙特內哥羅;"
    },
    {
      "original": "Sengiley",
      "conv": "zh-hans:先吉列伊;zh-hant:森吉列伊;"
    },
    {
      "original": "Sevilla",
      "conv": "zh-hans:塞维利亚;zh-hant:塞維利亞;zh-tw:塞維亞;zh-hk:西維爾;"
    },
    {
      "original": "Seychelles",
      "conv": "zh-cn:塞舌尔;zh-tw:塞席爾;zh-hk:塞舌爾;"
    },
    {
      "original": "Shenzhen Bay Bridge",
      "conv": "zh-hant:深圳灣公路大橋;zh-hans:深圳湾公路大桥;"
    },
    {
      "original": "Shenzhen Bay Port",
      "conv": "zh-hant:深圳灣口岸;zh-hans:深圳湾口岸;"
    },
    {
      "original": "Shetland",
      "conv": "zh-cn:设得兰;zh-tw:昔德蘭;zh-sg:设德兰;"
    },
    {
      "original": "Shkodër",
      "conv": "zh-hans:斯库台;zh-hant:士科德;"
    },
    {
      "original": "Shrewsbury",
      "conv": "zh-cn:什鲁斯伯里; zh-hk:什魯斯伯里;zh-tw:舒茲伯利;"
    },
    {
      "original": "Sierra Leone",
      "conv": "zh-cn:塞拉利昂; zh-tw:獅子山; zh-hk:塞拉利昂;"
    },
    {
      "original": "Silicon Valley",
      "conv": "zh-hans:硅谷; zh-my:矽谷; zh-hant:矽谷;"
    },
    {
      "original": "Simferopol",
      "conv": "zh-cn:辛菲罗波尔; zh-hk:辛菲羅波爾; zh-tw:辛費羅波;"
    },
    {
      "original": "Simferopol",
      "conv": "辛菲洛普=>zh-cn:辛菲罗波尔; 辛菲洛普=>zh-hk:辛菲羅波爾; 辛菲洛普=>zh-tw:辛費羅波;"
    },
    {
      "original": "Sint Eustatius",
      "conv": "zh-hans:圣尤斯特歇斯; zh-hant:聖尤斯特歇斯; zh-tw:聖佑達修斯;"
    },
    {
      "original": "Smolensk",
      "conv": "zh-hans:斯摩棱斯克; zh-hant:斯摩倫斯克;"
    },
    {
      "original": "Somalia",
      "conv": "zh-cn:索马里; zh-sg:索马里; zh-tw:索馬利亞; zh-hk:索馬里;"
    },
    {
      "original": "Somalia italiana",
      "conv": "zh-cn:意属索马里;zh-sg:意属索马里;zh-tw:義屬索馬利;zh-hk:意屬索馬里;"
    },
    {
      "original": "Somaliland",
      "conv": "zh-cn:索马里兰;zh-tw:索馬利蘭;zh-hk:索馬里蘭;"
    },
    {
      "original": "South Australia",
      "conv": "zh-hans:南澳大利亚州;zh-hant:南澳州;"
    },
    {
      "original": "South Australia",
      "conv": "南澳大利亞州=>zh-tw:南澳州;南澳大利亞州=>zh-hk:南澳州;南澳大利亞州=>zh-mo:南澳州;"
    },
    {
      "original": "South Australia",
      "conv": "南澳大利亞=>zh-tw:南澳;南澳大利亞=>zh-hk:南澳;南澳大利亞=>zh-mo:南澳;"
    },
    {
      "original": "South China Sea",
      "conv": "zh:南中國海;zh-cn:南海;zh-tw:南海;zh-hk:南海;zh-sg:南中国海;"
    },
    {
      "original": "Ardasier Reef（南沙群岛之一）",
      "conv": "zh-my:乌比礁;zh-cn:光星仔礁;zh-hant:光星仔礁;zh-sg:乌比礁;zh:烏比礁;"
    },
    {
      "original": "Dallas Reef（南沙群岛之一）",
      "conv": "zh-my:拉雅礁;zh-cn:光星礁;zh-hant:光星礁;zh-sg:拉雅礁;zh:拉雅礁;"
    },
    {
      "original": "Erica Reef（南沙群岛之一）",
      "conv": "zh-my:西布礁;zh-cn:簸箕礁;zh-tw:簸箕礁;zh-sg:西布礁;"
    },
    {
      "original": "Investigator Shoal（南沙群岛之一）",
      "conv": "zh-my:柏宁照礁;zh-cn:榆亚暗沙;zh-hant:榆亞暗沙;zh-sg:柏宁照礁;zh:柏寧照礁;"
    },
    {
      "original": "Swallow Reef（南沙群岛之一）",
      "conv": "zh-my:拉央拉央岛;zh-cn:弹丸礁;zh-hant:彈丸礁;zh-sg:拉央拉央岛;zh:拉央拉央島;"
    },
    {
      "original": "Mariveles Reef（南沙群岛之一）",
      "conv": "zh-my:曼丹那尼礁;zh-cn:南海礁;zh-hant:南海礁;zh-sg:曼丹那尼礁;zh:曼丹那尼礁;"
    },
    {
      "original": "Royal Charlotte Shoal（南沙群岛之一）",
      "conv": "zh-my:大森马朗西礁;zh-cn:皇路礁;zh-hant:皇路礁;zh-sg:大森马朗西礁;zh:大森馬朗西礁;"
    },
    {
      "original": "James Shoal（南沙群岛之一）",
      "conv": "zh-cn:曾母暗沙;zh-hant:曾母暗沙;zh-my:瑟鲁拜暗沙;zh-sg:瑟鲁拜暗沙;zh:瑟魯拜暗沙;"
    },
    {
      "original": "North Luconia Shoal（南沙群岛之一）",
      "conv": "zh-cn:北康暗沙;zh-hant:北康暗沙;zh-my:拉惹加隆暗沙群;zh-sg:拉惹加隆暗沙群;zh:拉惹加隆暗沙群;"
    },
    {
      "original": "Friendship Shoal（North Luconia Shoal）",
      "conv": "zh-cn:盟谊暗沙;zh-hant:盟誼暗沙;zh-my:仁答暗沙;zh-sg:仁答暗沙;zh:仁答暗沙;"
    },
    {
      "original": "Hardie Reef（North Luconia Shoal）",
      "conv": "zh-cn:海康暗沙;zh-hant:海康暗沙;zh-my:阿顺礁;zh-sg:阿顺礁;zh:阿順礁;"
    },
    {
      "original": "Aitken Reef（North Luconia Shoal）",
      "conv": "zh-cn:义净礁;zh-hant:義淨礁;zh-my:拿督兰底礁;zh-sg:拿督兰底礁;zh:拿督蘭底礁;"
    },
    {
      "original": "Buck Reef（North Luconia Shoal）",
      "conv": "zh-cn:法显暗沙;zh-hant:法顯暗沙;zh-my:宁宜礁;zh-sg:宁宜礁;zh:寧宜礁;"
    },
    {
      "original": "Moody Reef（North Luconia Shoal）",
      "conv": "zh-cn:康西暗沙;zh-hant:康西暗沙;zh-my:柏迈苏丽礁;zh-sg:柏迈苏丽礁;zh:柏邁蘇麗礁;"
    },
    {
      "original": "Seahorse Breakers（North Luconia Shoal）",
      "conv": "zh-cn:南安礁;zh-hant:南安礁;zh-my:当阿惹破礁;zh-sg:当阿惹破礁;zh:當阿惹破礁;"
    },
    {
      "original": "Tripp Reef（North Luconia Shoal）",
      "conv": "zh-cn:北安礁;zh-hant:北安礁;zh-my:里东礁;zh-sg:里东礁;zh:里東礁;"
    },
    {
      "original": "Hayes Reef（North Luconia Shoal）",
      "conv": "zh-cn:南屏礁;zh-hant:南屏礁;zh-my:郎银当礁;zh-sg:郎银当礁;zh:郎銀當礁;"
    },
    {
      "original": "South Luconia Shoal（南沙群岛之一）",
      "conv": "zh-cn:南康暗沙;zh-hant:南康暗沙;zh-my:巴丁宜阿里暗沙群;zh-sg:巴丁宜阿里暗沙群;zh:巴丁宜阿里暗沙群;"
    },
    {
      "original": "Stigant Reef（South Luconia Shoal）",
      "conv": "zh-cn:海安礁; zh-hant:海安礁; zh-my:沙合礁; zh-sg:沙合礁;"
    },
    {
      "original": "Connell Reef（South Luconia Shoal）",
      "conv": "zh-cn:隐波暗沙; zh-hant:隠波暗沙; zh-my:拿督打立礁; zh-sg:拿督打立礁;"
    },
    {
      "original": "Herald Reef（South Luconia Shoal）",
      "conv": "zh-cn:海宁礁; zh-hant:海寧礁; zh-my:沙吉礁; zh-sg:沙吉礁;"
    },
    {
      "original": "Comus Shoal（South Luconia Shoal）",
      "conv": "zh-cn:欢乐暗沙; zh-hant:歡樂暗沙; zh-my:美巴蒂滩; zh-sg:美巴蒂滩;zh:美巴蒂灘;"
    },
    {
      "original": "Richmond Reef（South Luconia Shoal）",
      "conv": "zh-cn:潭门礁; zh-hant:潭門礁; zh-my:万年烟礁; zh-sg:万年烟礁;zh:萬年煙礁;"
    },
    {
      "original": "Luconia Breakers（South Luconia Shoal）",
      "conv": "zh-cn:琼台礁; zh-hant:瓊台礁; zh-my:班丁破礁; zh-sg:班丁破礁;"
    },
    {
      "original": "Sierra Blanca Reef（South Luconia Shoal）",
      "conv": "zh-cn:澄平礁; zh-hant:澄平礁; zh-my:峇都布爹礁; zh-sg:峇都布爹礁;zh:峇都布爹礁;"
    },
    {
      "original": "防止南海礁过度转换",
      "conv": "zh-cn:南海礁岛;zh-hant:南海礁島;zh-my:南中国海礁岛;zh-sg:南中国海礁岛;"
    },
    {
      "original": "防止南海礁过度转换",
      "conv": "zh-cn:南海礁群;zh-hant:南海礁群;zh-my:南中国海礁群;zh-sg:南中国海礁群;"
    },
    {
      "original": "防止南海礁过度转换",
      "conv": "zh-cn:南海礁岩;zh-hant:南海礁岩;zh-my:南中国海礁岩;zh-sg:南中国海礁岩;"
    },
    {
      "original": "防止南海礁过度转换",
      "conv": "zh-cn:南海礁石;zh-hant:南海礁石;zh-my:南中国海礁石;zh-sg:南中国海礁石;"
    },
    {
      "original": "South Ossetia",
      "conv": "zh-cn:南奥塞梯;zh-hk:南奧塞梯;zh-tw:南奧塞提亞;"
    },
    {
      "original": "South West Africa",
      "conv": "zh-hans:西南非洲;zh-hant:西南非;"
    },
    {
      "original": "Soweto",
      "conv": "zh-hans:索韦托;zh-hant:索韋托;zh-tw:索維托;"
    },
    {
      "original": "Srebenica",
      "conv": "zh-cn:斯雷布雷尼察;zh-tw:雪布尼查;zh-hk:斯雷布雷尼察;"
    },
    {
      "original": "Steiermark",
      "conv": "zh-cn:施泰尔马克;zh-tw:史泰爾馬克;zh-hk:施泰爾馬克;"
    },
    {
      "original": "Sterkfontein",
      "conv": "zh-hans:斯泰克方丹;zh-hant:斯泰克方丹;zh-tw:史泰克方丹;"
    },
    {
      "original": "Stirling",
      "conv": "zh-cn:斯特灵;zh-hk:士他令;zh-tw:史特靈;"
    },
    {
      "original": "Stirling",
      "conv": "斯特靈=>zh-hk:士他令;斯特靈=>zh-mo:士他令;斯特靈=>zh-tw:史特靈;"
    },
    {
      "original": "Stirling",
      "conv": "士打令=>zh-cn:斯特灵;士打令=>zh-my:斯特灵;士打令=>zh-sg:斯特灵;士打令=>zh-tw:史特靈;"
    },
    {
      "original": "Stirling",
      "conv": "史特灵=>zh-cn:斯特灵;史特灵=>zh-my:斯特灵;史特灵=>zh-sg:斯特灵;史特灵=>zh-hk:士他令;史特灵=>zh-mo:士他令;"
    },
    {
      "original": "Stirling",
      "conv": "斯德零=>zh-cn:斯特灵;斯德零=>zh-my:斯特灵;斯德零=>zh-sg:斯特灵;斯德零=>zh-hk:士他令;斯德零=>zh-mo:士他令;斯德零=>zh-tw:史特靈;"
    },
    {
      "original": "Stirling",
      "conv": "斯特陵=>zh-cn:斯特灵;斯特陵=>zh-my:斯特灵;斯特陵=>zh-sg:斯特灵;斯特陵=>zh-hk:士他令;斯特陵=>zh-mo:士他令;斯特陵=>zh-tw:史特靈;"
    },
    {
      "original": "Stirling",
      "conv": "斯特凌=>zh-cn:斯特灵;斯特凌=>zh-my:斯特灵;斯特凌=>zh-sg:斯特灵;斯特凌=>zh-hk:士他令;斯特凌=>zh-mo:士他令;斯特凌=>zh-tw:史特靈;"
    },
    {
      "original": "Stirling",
      "conv": "斯特林=>zh-cn:斯特灵;斯特林=>zh-my:斯特灵;斯特林=>zh-sg:斯特灵;斯特林=>zh-hk:士他令;斯特林=>zh-mo:士他令;斯特林=>zh-tw:史特靈;"
    },
    {
      "original": "Stirling",
      "conv": "史特林=>zh-cn:斯特灵;史特林=>zh-my:斯特灵;史特林=>zh-sg:斯特灵;史特林=>zh-hk:士他令;史特林=>zh-mo:士他令;史特林=>zh-tw:史特靈;"
    },
    {
      "original": "Strasbourg",
      "conv": "zh-cn:斯特拉斯堡; zh-tw:史特拉斯堡; zh-hk:斯特拉斯堡;"
    },
    {
      "original": "Stuttgart",
      "conv": "zh-cn:斯图加特; zh-hk:史特加; zh-tw:斯圖加特;"
    },
    {
      "original": "Stuttgart",
      "conv": "司徒加特=>zh-cn:斯图加特;司徒加特=>zh-my:斯图加特;司徒加特=>zh-sg:斯图加特;司徒加特=>zh-hk:史特加;司徒加特=>zh-mo:史特加;司徒加特=>zh-tw:斯圖加特;"
    },
    {
      "original": "St.Helena",
      "conv": "zh-cn:圣赫勒拿; zh-hk:聖海倫娜; zh-tw:聖赫勒拿;"
    },
    {
      "original": "Sucre",
      "conv": "zh-cn:苏克雷; zh-tw:蘇克瑞;"
    },
    {
      "original": "Suez",
      "conv": "zh-tw:蘇伊士;zh-hk:蘇彝士;zh-cn:苏伊士;"
    },
    {
      "original": "Suez Canal",
      "conv": "zh-tw:蘇伊士運河; zh-hk:蘇彝士運河; zh-cn:苏伊士运河;"
    },
    {
      "original": "সুন্দরবন (Sundarbans)",
      "conv": "zh-cn:孙德尔本斯;zh-tw:巽德班;zh-hk:宣德班;"
    },
    {
      "original": "সুন্দরবন (Sundarbans)",
      "conv": "zh:蘇達班;zh-cn:孙德尔本斯;zh-tw:巽德班;zh-hk:宣德班;"
    },
    {
      "original": "সুন্দরবন (Sundarbans)",
      "conv": "zh:孫德爾本斯;zh-cn:孙德尔本斯;zh-tw:巽德班;zh-hk:宣德班;"
    },
    {
      "original": "Swaziland",
      "conv": "zh-cn:斯威士兰; zh-hk:斯威士蘭; zh-tw:史瓦濟蘭;"
    },
    {
      "original": "Sydney",
      "conv": "zh-cn:悉尼; zh-hk:悉尼; zh-tw:雪梨;"
    },
    {
      "original": "Syracuse",
      "conv": "锡拉丘兹=>zh-tw:雪城;"
    },
    {
      "original": "Szczecin",
      "conv": "zh-tw:斯塞新;zh-cn:什切青;"
    },
    {
      "original": "Schweinfurt",
      "conv": "zh-cn:施韦因富特; zh-tw:什文福;"
    },
    {
      "original": "Tashkent",
      "conv": "zh-cn:塔什干; zh-hk:塔什干; zh-tw:塔什干; zh-sg:塔什干;"
    },
    {
      "original": "Tamil",
      "conv": "zh-cn:泰米尔; zh-hk:淡米爾; zh-mo:泰米爾; zh-tw:坦米爾; zh-sg:淡米尔;"
    },
    {
      "original": "Tanganyika",
      "conv": "zh-cn:坦噶尼喀; zh-hk:坦噶尼喀; zh-tw:坦加尼喀;"
    },
    {
      "original": "Tanganyika",
      "conv": "坦干伊加=>zh-cn:坦噶尼喀; 坦干伊加=>zh-hk:坦噶尼喀; 坦干伊加=>zh-tw:坦加尼喀;"
    },
    {
      "original": "Tanzania",
      "conv": "zh-cn:坦桑尼亚; zh-hk:坦桑尼亞; zh-tw:坦尚尼亞;"
    },
    {
      "original": "Tajikistan",
      "conv": "zh-cn:塔吉克斯坦; zh-tw:塔吉克;zh-hk:塔吉克;zh-hant:塔吉克斯坦;"
    },
    {
      "original": "Tbilisi",
      "conv": "zh-cn:第比利斯; zh-hk:第比利斯; zh-tw:提比里西;"
    },
    {
      "original": "Tbilisi",
      "conv": "提比里斯=>zh-cn:第比利斯; 提比里斯=>zh-hk:第比利斯; 提比里斯=>zh-tw:提比里西;"
    },
    {
      "original": "Teplice",
      "conv": "zh-cn:特普利采; zh-hk:特普利策; zh-tw:特普利策;"
    },
    {
      "original": "Tegucigalpa",
      "conv": "zh-cn:特古西加尔巴; zh-tw:德古西加巴;"
    },
    {
      "original": "Tel Aviv",
      "conv": "臺拉維夫=>zh-cn:特拉维夫;臺拉維夫=>zh-my:特拉维夫;臺拉維夫=>zh-sg:特拉维夫;臺拉維夫=>zh-hk:特拉維夫;臺拉維夫=>zh-mo:特拉維夫;"
    },
    {
      "original": "Tel Aviv",
      "conv": "台拉維夫=>zh-cn:特拉维夫;台拉維夫=>zh-my:特拉维夫;台拉維夫=>zh-sg:特拉维夫;台拉維夫=>zh-hk:特拉維夫;台拉維夫=>zh-mo:特拉維夫;"
    },
    {
      "original": "Telangana",
      "conv": "zh-cn:特伦甘纳; zh-sg:泰伦加纳; zh-tw:泰倫加納;"
    },
    {
      "original": "The Collegiate Church of St Peter at Westminster",
      "conv": "zh-cn:威斯敏斯特圣彼得牧师团教堂; zh-tw:西敏市聖彼得牧師團教堂; zh-sg:西敏市圣彼得牧师团教堂;zh-hk:西敏市聖彼得牧師團教堂;"
    },
    {
      "original": "Thimphu",
      "conv": "zh-cn:廷布; zh-tw:辛布;"
    },
    {
      "original": "Tiflis",
      "conv": "zh-cn:梯弗里斯; zh-hk:梯弗里斯; zh-tw:提弗利司;"
    },
    {
      "original": "Tiraspol",
      "conv": "zh-hans:蒂拉斯波尔;zh-hk:提拉斯堡;zh-tw:提拉斯浦;"
    },
    {
      "original": "Tiraspol",
      "conv": "蒂拉斯波爾=>zh-tw:提拉斯浦;蒂拉斯波爾=>zh-hk:提拉斯堡;蒂拉斯波爾=>zh-hans:蒂拉斯波尔;"
    },
    {
      "original": "Tiryns",
      "conv": "zh-cn:梯林斯;zh-hk:梯林斯;zh-tw:提林斯;"
    },
    {
      "original": "Tobago",
      "conv": "zh-cn:多巴哥; zh-tw:托巴哥; zh-hk:多巴哥; zh-mo:多巴哥;"
    },
    {
      "original": "Tokson",
      "conv": "zh-cn:托克逊; zh-hk:托克遜; zh-tw:托克遜;"
    },
    {
      "original": "Torino",
      "conv": "zh-cn:都灵; zh-tw:杜林; zh-hk:都靈;"
    },
    {
      "original": "Toledo",
      "conv": "zh-hans:托莱多; zh-hant:托萊多; zh-tw:托雷多;"
    },
    {
      "original": "Transkei",
      "conv": "zh-hans:特兰斯凯; zh-hant:特蘭斯凱; zh-tw:川斯凱;"
    },
    {
      "original": "Transvaal",
      "conv": "zh-hans:德兰士瓦;zh-hant:德蘭士瓦;zh-tw:川斯瓦;"
    },
    {
      "original": "Transylvania",
      "conv": "zh-cn:特兰西瓦尼亚; zh-hk:特蘭西瓦尼亞; zh-tw:外西凡尼亞;"
    },
    {
      "original": "Trinidad",
      "conv": "zh-cn:特立尼达;zh-hk:千里達;zh-tw:千里達;"
    },
    {
      "original": "Tristan da Cunha",
      "conv": "zh-tw:崔斯坦達庫尼亞; zh-hk:特里斯坦-達庫尼亞; zh-hans:特里斯坦-达库尼亚;"
    },
    {
      "original": "ცხინვალი",
      "conv": "zh-hans:茨欣瓦利;zh-tw:茲辛瓦利;"
    },
    {
      "original": "Turks and Caicos Islands",
      "conv": "zh-cn:特克斯和凯科斯群岛; zh-tw:土克凱可群島; zh-hk:特克斯和凱科斯群島;"
    },
    {
      "original": "Republic of Trinidad and Tobago",
      "conv": "zh-cn:特立尼达和多巴哥; zh-tw:千里達及托巴哥; zh-hk:千里達和多巴哥;"
    },
    {
      "original": "Tuvalu",
      "conv": "zh-cn:图瓦卢; zh-tw:吐瓦魯; zh-hk:圖瓦盧;"
    },
    {
      "original": "Tunisia",
      "conv": "zh-tw:突尼西亞; zh-hk:突尼西亞; zh-cn:突尼斯;"
    },
    {
      "original": "防止突尼斯过度转换",
      "conv": "zh-tw:突尼斯市; zh-hk:突尼斯市; zh-cn:突尼斯市;"
    },
    {
      "original": "防止突尼斯过度转换",
      "conv": "zh-hans:突尼斯城; zh-hant:突尼斯城; "
    },
    {
      "original": "防止突尼斯过度转换",
      "conv": "zh-tw:突尼斯湖; zh-hk:突尼斯湖; zh-cn:突尼斯湖;"
    },
    {
      "original": "防止突尼斯过度转换",
      "conv": "zh-tw:突尼斯灣; zh-hk:突尼斯灣; zh-cn:突尼斯湾;"
    },
    {
      "original": "防止突尼斯过度转换",
      "conv": "zh-tw:突尼斯省; zh-hk:突尼斯省; zh-cn:突尼斯省;"
    },
    {
      "original": "防止突尼斯过度转换",
      "conv": "zh-tw:突尼斯-古萊特-港口鐵路; zh-hk:突尼斯-古萊特-港口鐵路; zh-cn:突尼斯-古萊特-港口铁路;"
    },
    {
      "original": "Turkmenistan",
      "conv": "zh-cn:土库曼斯坦; zh-tw:土庫曼; zh-hk:土庫曼; zh-hans:土库曼斯坦;zh-hant:土庫曼斯坦;"
    },
    {
      "original": "Turkmen ",
      "conv": "zh-hans:土库曼语; zh-hant:土庫曼語;"
    },
    {
      "original": "Turks",
      "conv": "zh-cn:特克斯; zh-tw:土克; zh-hk:特克斯;"
    },
    {
      "original": "Turks and Caicos",
      "conv": "zh-cn:特克斯和凯科斯; zh-tw:土克凱可; zh-hk:特克斯和凱科斯;"
    },
    {
      "original": "Tyne",
      "conv": "zh-cn:泰恩;zh-hk:泰恩;zh-tw:泰恩;zh:泰因"
    },
    {
      "original": "UAE",
      "conv": "zh-cn:阿联酋; zh-hk:阿聯酋; zh-tw:阿聯;"
    },
    {
      "original": "Utrecht",
      "conv": "zh-cn:乌得勒支; zh-hk:烏德勒支; zh-tw:烏特勒支;"
    },
    {
      "original": "Upper Volta",
      "conv": "zh-cn:上沃尔特; zh-hk:上沃爾特;zh-tw:上伏塔;"
    },
    {
      "original": "United Arab Emirates",
      "conv": "zh-cn:阿拉伯联合酋长国; zh-hk:阿拉伯聯合酋長國; zh-sg:阿拉伯联合酋长国; zh-tw:阿拉伯聯合大公國;"
    },
    {
      "original": "Urundi",
      "conv": "zh-cn:乌隆迪; zh-hk:烏隆迪; zh-tw:烏隆地;"
    },
    {
      "original": "Urgell",
      "conv": "zh-hant:烏格爾; zh-hans:乌赫尔;"
    },
    {
      "original": "Urgell",
      "conv": "烏赫爾=>zh-hant:烏格爾; 烏赫爾=>zh-hans:乌赫尔;"
    },
    {
      "original": "Uzbekistan",
      "conv": "zh-cn:乌兹别克斯坦; zh-tw:烏茲別克; zh-hk:烏茲別克; zh-hant:烏茲別克斯坦;"
    },
    {
      "original": "Vaduz",
      "conv": "zh-cn:瓦杜兹;zh-tw:瓦都茲;zh-hk:華杜茲;zh-mo:華杜茲;"
    },
    {
      "original": "Valencia",
      "conv": "zh-hans:巴伦西亚;zh-tw:瓦倫西亞;zh-hk:華倫西亞;"
    },
    {
      "original": "Valencia",
      "conv": "瓦伦西亚=>zh-cn:巴伦西亚;瓦伦西亚=>zh-sg:巴伦西亚;瓦伦西亚=>zh-my:巴伦西亚;"
    },
    {
      "original": "Vaals",
      "conv": "zh-cn:法尔斯; zh-tw:瓦爾斯;"
    },
    {
      "original": "Valletta",
      "conv": "zh-cn:瓦莱塔; zh-tw:瓦勒他;"
    },
    {
      "original": "Valladolid",
      "conv": "zh-hans:巴利亚多利德; zh-hant:巴利阿多利德; zh-tw:瓦拉多利德; zh-hk:華亞度列;"
    },
    {
      "original": "Venda",
      "conv": "zh-hans:文达; zh-hant:文達; zh-tw:溫達;"
    },
    {
      "original": "Victoria, Australia",
      "conv": "維多利亞省=>zh-cn:维多利亚州;維多利亞省=>zh-my:维多利亚州;維多利亞省=>zh-sg:维多利亚州;維多利亞省=>zh-hk:維多利亞州;維多利亞省=>zh-mo:維多利亞州;維多利亞省=>zh-tw:維多利亞州;"
    },
    {
      "original": "Vientiane",
      "conv": "zh-cn:万象;zh-tw:永珍;zh-hk:永珍;zh-sg:永珍;"
    },
    {
      "original": "Virgin Islands",
      "conv": "zh-cn:维尔京群岛;zh-hk:處女群島;zh-tw:維京群島;"
    },
    {
      "original": "Vlaams/Vlamingen/Flamande",
      "conv": "zh-cn:弗拉芒;zh-tw:佛萊明;zh-hk:弗拉芒;"
    },
    {
      "original": "Vlaanderen/Flandre/Flanders",
      "conv": "zh-cn:佛兰德;zh-hant:法蘭德斯;zh-sg:法兰德斯;"
    },
    {
      "original": "Vladivostok",
      "conv": "zh-cn:海参崴; zh-tw:海參崴; zh-hk:海參崴;"
    },
    {
      "original": "Vlorë",
      "conv": "zh-hans:发罗拉;zh-hant:夫羅勒;"
    },
    {
      "original": "Vojvodina",
      "conv": "zh-cn:伏伊伏丁那; zh-tw:弗伊弗迪納; zh-hk:伏伊伏丁那;"
    },
    {
      "original": "Vojvodina",
      "conv": "佛伊弗迪納=>zh-cn:伏伊伏丁那; 佛伊弗迪納=>zh-tw:弗伊弗迪納; 佛伊弗迪納=>zh-hk:伏伊伏丁那;"
    },
    {
      "original": "Volga",
      "conv": "zh-cn:伏尔加河; zh-tw:窩瓦河; zh-hk:伏爾加河;"
    },
    {
      "original": "Vosges",
      "conv": "zh-cn:孚日;zh-hk:佛日;zh-tw:佛日;"
    },
    {
      "original": "Wales",
      "conv": "zh-hans:威尔士;zh-hant:威爾斯;"
    },
    {
      "original": "Wallonia",
      "conv": "zh-cn:瓦隆; zh-tw:瓦隆; zh-hk:華隆;"
    },
    {
      "original": "Waterloo",
      "conv": "zh-hans:滑铁卢;zh-hant:滑鐵盧;"
    },
    {
      "original": "Waterloo",
      "conv": "窩打老=>zh-cn:滑铁卢;窩打老=>zh-my:滑铁卢;窩打老=>zh-sg:滑铁卢;窩打老=>zh-tw:滑鐵盧;"
    },
    {
      "original": "Waterloo",
      "conv": "窝打老=>zh-cn:滑铁卢;窝打老=>zh-my:滑铁卢;窝打老=>zh-sg:滑铁卢;窝打老=>zh-tw:滑鐵盧;"
    },
    {
      "original": "Waterloo Road",
      "conv": "zh-hans:窝打老道;zh-hant:窩打老道;"
    },
    {
      "original": "Walvis Bay",
      "conv": "zh-hans:鲸湾港; zh-hant:華維斯灣;"
    },
    {
      "original": "Wellington",
      "conv": "zh-hans:惠灵顿; zh-hant:威靈頓;"
    },
    {
      "original": "Weimar",
      "conv": "zh-cn:魏玛; zh-tw:威瑪; zh-hk:威瑪;"
    },
    {
      "original": "Western Australia",
      "conv": "zh-hans:西澳大利亚州;zh-hant:西澳州;"
    },
    {
      "original": "Western Australia",
      "conv": "西澳大利亞州=>zh-tw:西澳州;西澳大利亞州=>zh-hk:西澳州;西澳大利亞州=>zh-mo:西澳州;"
    },
    {
      "original": "Western Australia",
      "conv": "西澳大利亞=>zh-tw:西澳;西澳大利亞=>zh-hk:西澳;西澳大利亞=>zh-mo:西澳;"
    },
    {
      "original": "Western Australia",
      "conv": "西澳大利亚=>zh-tw:西澳;西澳大利亚=>zh-hk:西澳;西澳大利亚=>zh-mo:西澳;"
    },
    {
      "original": "Westfalen",
      "conv": "zh-hk:西法倫;zh-cn:威斯特法伦;zh-tw:西發利亞;"
    },
    {
      "original": "Westminster",
      "conv": "zh-cn:威斯敏斯特;zh-hk:西敏;zh-tw:西敏;zh-sg:西敏;"
    },
    {
      "original": "Westminster System",
      "conv": "zh-cn:威斯敏斯特体系;zh-hk:西敏制;zh-tw:西敏制;zh-sg:西敏制;"
    },
    {
      "original": "Westminster Abbey",
      "conv": "zh-cn:威斯敏斯特修道院;zh-hk:西敏寺;zh-tw:西敏寺;zh-sg:西敏寺;"
    },
    {
      "original": "Whistler",
      "conv": "zh-cn:惠斯勒; zh-hk:威士拿; zh-tw:惠斯勒;"
    },
    {
      "original": "Wimbledon",
      "conv": "zh-cn:温布尔登; zh-tw:溫布頓; zh-hk:溫布頓;"
    },
    {
      "original": "Windhoek",
      "conv": "zh-hans:温得和克; zh-hant:溫得和克; zh-tw:溫荷克;"
    },
    {
      "original": "Witwatersrand",
      "conv": "zh-hans:威特沃特斯兰德; zh-hant:維瓦特斯蘭;"
    },
    {
      "original": "Willemstad",
      "conv": "zh-cn:威廉斯塔德; zh-hk:威廉斯塔德; zh-tw:威廉城;"
    },
    {
      "original": "Wolfsburg",
      "conv": "zh-cn:沃尔夫斯堡; zh-tw:狼堡; zh-hk:禾夫斯堡;"
    },
    {
      "original": "Wrocław",
      "conv": "zh-hans:弗罗茨瓦夫;zh-hant:弗羅茨瓦夫;zh-hk:樂斯拉夫;zh-tw:弗羅次瓦夫;"
    },
    {
      "original": "Yakutsk",
      "conv": "zh-hant:雅庫茨克; zh-tw:雅庫次克; zh-hans:雅库茨克;"
    },
    {
      "original": "Yalta",
      "conv": "zh-cn:雅尔塔; zh-tw:雅爾達;"
    },
    {
      "original": "Yamoussoukro",
      "conv": "zh-cn:亚穆苏克罗; zh-tw:雅穆索戈;"
    },
    {
      "original": "Yaoundé",
      "conv": "zh-cn:雅温得;zh-tw:雅恩德;zh-hk:雅溫得;"
    },
    {
      "original": "Yaoundé",
      "conv": "雅溫德=>zh-cn:雅温得;雅溫德=>zh-my:雅温得;雅溫德=>zh-sg:雅温得;雅溫德=>zh-tw:雅恩德;雅溫德=>zh-hk:雅溫得;雅溫德=>zh-mo:雅溫得;"
    },
    {
      "original": "Yemen",
      "conv": "zh-cn:也门; zh-hk:也門; zh-tw:葉門;"
    },
    {
      "original": "Yellowknife",
      "conv": "zh-hans:耶罗纳夫; zh-hk:黃刀鎮; zh-tw:黃刀鎮;"
    },
    {
      "original": "Yerevan",
      "conv": "zh-cn:埃里温; zh-tw:葉里溫; zh-hk:葉里溫;"
    },
    {
      "original": "Zagreb",
      "conv": "zh-cn:萨格勒布; zh-tw:札格瑞布; zh-hk:薩格勒布;"
    },
    {
      "original": "Zambia",
      "conv": "zh-cn:赞比亚; zh-tw:尚比亞; zh-hk:贊比亞;"
    },
    {
      "original": "Zanzibar",
      "conv": "zh-cn:桑给巴尔; zh-hk:桑給巴爾; zh-tw:尚吉巴;"
    },
    {
      "original": "Zaragoza",
      "conv": "zh-hans:萨拉戈萨; zh-hant:薩拉戈薩; zh-tw:沙拉哥薩;"
    },
    {
      "original": "Zihuatanejo",
      "conv": "zh-cn:锡瓦塔内霍; zh-hk:斯華坦尼奧; zh-tw:芝華塔尼歐;"
    },
    {
      "original": "Žilina",
      "conv": "zh-hk:斯利納;zh-hant:日利納;zh-hans:日利纳"
    },
    {
      "original": "Zimbabwe",
      "conv": "zh-cn:津巴布韦; zh-hk:津巴布韋; zh-tw:辛巴威;"
    },
    {
      "original": "diaoyu island",
      "conv": "zh-cn:钓鱼岛; zh-tw:釣魚臺; zh-hk:釣魚台; zh-sg:钓鱼岛;"
    },
    {
      "original": "diaoyu islands",
      "conv": "zh-cn:钓鱼岛及其附属岛屿; zh-tw:釣魚臺列嶼; zh-hk:釣魚台及其附屬島嶼; zh-sg:钓鱼岛及其附属岛屿; zh-hant:釣魚台列嶼; zh-mo:釣魚台及其附屬島嶼;"
    },
    {
      "original": "North Korea",
      "conv": "zh-cn:朝鲜;zh-tw:北韓;zh-hk:北韓;zh-mo:北韓;zh-sg:朝鲜;zh-my:朝鲜;"
    },
    {
      "original": "South Korea",
      "conv": "南韩=>zh-hans:韩国;南韓=>zh-hans:韩国;"
    },
    {
      "original": "Korean Peninsula",
      "conv": "zh-cn:朝鲜半岛; zh-tw:朝鮮半島;"
    },
    {
      "original": "가사군도",
      "conv": "zh-cn:加沙群岛; zh-hk:加沙群島; zh-sg:加沙群岛; zh-tw:加沙群島;"
    },
    {
      "original": "Yamdena",
      "conv": "zh-cn:扬德纳岛; zh-tw:延德納島;"
    },
    {
      "original": "Belgrade",
      "conv": "zh-cn:贝尔格莱德; zh-tw:貝爾格勒; zh-hk:貝爾格萊德;"
    },
    {
      "original": "Bosnia",
      "conv": "zh-cn:波斯尼亚; zh-hk:波斯尼亞; zh-tw:波士尼亞; zh-sg:波士尼亚;"
    },
    {
      "original": "Bosnia and Herzegovina",
      "conv": "zh-cn:波黑; zh-hk:波黑; zh-tw:波赫;"
    },
    {
      "original": "Bosnia and Herzegovina (full)",
      "conv": "zh-cn:波斯尼亚和黑塞哥维那; zh-hk:波斯尼亞和黑塞哥維那; zh-tw:波士尼亞與赫塞哥維納;"
    },
    {
      "original": "Cetinje",
      "conv": "zh-cn:采蒂涅; zh-hk:采蒂涅; zh-tw:策提涅;"
    },
    {
      "original": "Croatia",
      "conv": "zh-cn:克罗地亚; zh-hk:克羅地亞; zh-tw:克羅埃西亞; zh-sg:克罗地亚;"
    },
    {
      "original": "Herzegovina",
      "conv": "zh-cn:黑塞哥维那; zh-hk:黑塞哥維那; zh-tw:赫塞哥維納;"
    },
    {
      "original": "Kharkiv",
      "conv": "zh-cn:哈尔科夫; zh-hk:哈爾科夫; zh-tw:哈爾科夫;"
    },
    {
      "original": "Leposavić",
      "conv": "zh-cn:莱波萨维齐; zh-tw:萊波薩維奇;"
    },
    {
      "original": "Montenegro",
      "conv": "zh-cn:黑山; zh-hk:黑山; zh-tw:蒙特內哥羅;"
    },
    {
      "original": "Podgorica",
      "conv": "zh-cn:波德戈里察; zh-hk:波德戈里察; zh-tw:波德里查; zh-sg:波德戈里察;"
    },
    {
      "original": "Pristina",
      "conv": "zh-cn:普里什蒂纳; zh-hk:普里什蒂納; zh-tw:普里斯提納; zh-sg:普里什蒂纳;"
    },
    {
      "original": "Skopje",
      "conv": "zh-cn:斯科普里; zh-hk:史高比耶; zh-tw:史高比耶;"
    },
    {
      "original": "Slovenia",
      "conv": "zh-cn:斯洛文尼亚; zh-hk:斯洛文尼亞; zh-tw:斯洛維尼亞;"
    },
    {
      "original": "Split, Croatia",
      "conv": "zh-cn:斯普利特; zh-hk:施普利特; zh-tw:史普利特;"
    },
    {
      "original": "Vojvodina",
      "conv": "zh-cn:伏伊伏丁那; zh-hk:禾獲甸拿; zh-tw:佛伊弗迪納;"
    },
    {
      "original": "Ashmore and Cartier",
      "conv": "zh-cn:阿什莫尔和卡捷; zh-tw:亞什摩及卡地爾;"
    },
    {
      "original": "Australia",
      "conv": "zh-cn:澳大利亚; 澳大利亞=>zh-hk:澳洲;"
    },
    {
      "original": "Australia (continent)",
      "conv": "zh-hans:澳大利亚洲; zh-hant:澳大利亞洲;"
    },
    {
      "original": "Canberra",
      "conv": "zh-cn:堪培拉; zh-hk:坎培拉; zh-tw:坎培拉;"
    },
    {
      "original": "Johnston",
      "conv": "zh-cn:约翰斯顿; zh-hk:約翰斯頓; zh-tw:強斯頓;"
    },
    {
      "original": "Johnston Island",
      "conv": "zh-cn:约翰斯顿岛; zh-hk:約翰斯頓島; zh-tw:強斯頓島;"
    },
    {
      "original": "Johnston Atoll",
      "conv": "zh-cn:约翰斯顿环礁; zh-hk:約翰斯頓環礁; zh-tw:強斯頓環礁;"
    },
    {
      "original": "Kiribati",
      "conv": "zh-cn:基里巴斯; zh-hk:基里巴斯; zh-tw:吉里巴斯;"
    },
    {
      "original": "Koror",
      "conv": "zh-cn:科罗尔; zh-tw:柯羅;"
    },
    {
      "original": "Moorea",
      "conv": "zh-hans:莫雷阿岛; zh-hant:茉莉亞島;"
    },
    {
      "original": "Nauru",
      "conv": "zh-cn:瑙鲁; zh-tw:諾魯; zh-hk:瑙魯;"
    },
    {
      "original": "New Guinea",
      "conv": "zh-cn:新几内亚; zh-hk:新畿內亞; zh-tw:新幾內亞;"
    },
    {
      "original": "Palau",
      "conv": "zh-cn:帕劳; zh-hk:帕勞; zh-tw:帛琉;"
    },
    {
      "original": "Palmyra",
      "conv": "zh-cn:巴尔米拉; zh-hk:帕邁拉; zh-tw:巴美拉;"
    },
    {
      "original": "Papua New Guinea",
      "conv": "zh-cn:巴布亚新几内亚; zh-hk:巴布亞新畿內亞; zh-tw:巴布亞紐幾內亞;"
    },
    {
      "original": "Phoenix Islands",
      "conv": "zh-cn:菲尼克斯群岛; zh-hk:鳳凰群島; zh-tw:鳳凰群島;"
    },
    {
      "original": "Pitcairn",
      "conv": "zh-cn:皮特凯恩; zh-tw:皮特肯;"
    },
    {
      "original": "Polynesia",
      "conv": "zh-cn:波利尼西亚; zh-hk:波利尼西亞; zh-tw:玻里尼西亞;"
    },
    {
      "original": "Polynesia, French",
      "conv": "zh-cn:法属波利尼西亚; zh-hk:法屬波利尼西亞; zh-tw:法屬玻里尼西亞;"
    },
    {
      "original": "Tahiti",
      "conv": "zh-cn:塔希提;zh-hk:大溪地;zh-tw:大溪地;zh-sg:大溪地;"
    },
    {
      "original": "Tasmania",
      "conv": "zh-cn:塔斯马尼亚;zh-hk:塔斯曼尼亞;zh-tw:塔斯馬尼亞;"
    },
    {
      "original": "Tasmania",
      "conv": "塔斯馬尼亞省=>zh-cn:塔斯马尼亚州;塔斯馬尼亞省=>zh-my:塔斯马尼亚州;塔斯馬尼亞省=>zh-sg:塔斯马尼亚州;塔斯馬尼亞省=>zh-hk:塔斯曼尼亞州;塔斯馬尼亞省=>zh-mo:塔斯曼尼亞州;塔斯馬尼亞省=>zh-tw:塔斯馬尼亞州;"
    },
    {
      "original": "Tonga",
      "conv": "zh-cn:汤加; zh-hk:湯加; zh-tw:東加;"
    },
    {
      "original": "Vanuatu",
      "conv": "zh-cn:瓦努阿图; zh-hk:瓦努阿圖; zh-tw:萬那杜;"
    },
    {
      "original": "Yaren",
      "conv": "雅連=>zh-cn:亚伦;雅連=>zh-hk:亞倫;雅連=>zh-mo:亞倫;雅連=>zh-sg:亚伦;雅連=>zh-my:亚伦;"
    },
    {
      "original": "Yucatá",
      "conv": "zh-hans:尤卡坦;zh-hk:尤卡坦;zh-tw:猶加敦;"
    },
    {
      "original": "Continental shelf",
      "conv": "zh-cn:大陆架; zh-hk:大陸架; zh-tw:大陸棚; zh-my:大陆棚;"
    },
    {
      "original": "Schengener Abkommen",
      "conv": "zh-cn:申根协议;zh-tw:申根公約;zh-hk:神根公約;申根公约=>zh-tw:申根公約;申根公约=>zh-hk:神根公約;"
    },
    {
      "original": "Connaught Road",
      "conv": "zh-hans:干诺道;zh-hant:干諾道;"
    },
    {
      "original": "Kazakhs",
      "conv": "zh-cn:哈萨克族; zh-tw:哈薩克族;"
    },
    {
      "original": "Kazakhs",
      "conv": "zh-cn:哈萨克语; zh-tw:哈薩克語;"
    },
    {
      "original": "Kyrgyz",
      "conv": "zh-cn:吉尔吉斯语; zh-tw:吉爾吉斯語;"
    },
    {
      "original": "Kyrgyz",
      "conv": "zh-cn:吉尔吉斯族; zh-tw:吉爾吉斯族;"
    },
    {
      "original": "Tajik",
      "conv": "zh-cn:塔吉克语; zh-tw:塔吉克語;"
    },
    {
      "original": "Tajik",
      "conv": "zh-cn:塔吉克族; zh-tw:塔吉克族;"
    },
    {
      "original": "Turkmen",
      "conv": "zh-cn:土库曼语; zh-tw:土庫曼語;"
    },
    {
      "original": "Turkmen",
      "conv": "zh-cn:土库曼族; zh-tw:土庫曼族;"
    },
    {
      "original": "Uzbek",
      "conv": "zh-cn:乌孜别克语;zh-sg:乌兹别克语;zh-tw:烏茲別克語;"
    },
    {
      "original": "Uzbek",
      "conv": "zh-cn:乌孜别克族;zh-hk:烏孜別克族;zh-sg:乌兹别克族;zh-tw:烏茲別克族;"
    },
    {
      "original": null,
      "conv": "zh-hans:东加里曼丹; zh-hant:東加里曼丹;"
    },
    {
      "original": null,
      "conv": "zh-hans:东加勒比; zh-hant:東加勒比;"
    },
    {
      "original": null,
      "conv": "zh-hans:东加拿大; zh-hant:東加拿大;"
    },
    {
      "original": null,
      "conv": "zh-hans:东加利福尼亚; zh-hant:東加利福尼亞;"
    },
    {
      "original": null,
      "conv": "zh-hans:东加古川; zh-hant:東加古川;"
    },
    {
      "original": null,
      "conv": "zh-hans:东加罗林狐蝠; zh-hant:東加羅林狐蝠;"
    },
    {
      "original": null,
      "conv": "zh-hans:自由城市; zh-hant:自由城市;"
    },
    {
      "original": null,
      "conv": "zh-hans:自由城县; zh-hant:自由城縣;"
    },
    {
      "original": null,
      "conv": "zh-hans:自由城镇; zh-hant:自由城鎮;"
    },
    {
      "original": null,
      "conv": "zh-hans:自由城区; zh-hant:自由城區;"
    },
    {
      "original": null,
      "conv": "zh-hans:宗教自由城; zh-hant:宗教自由城;"
    },
    {
      "original": null,
      "conv": "zh-hans:自由市镇; zh-hant:自由市鎮;"
    },
    {
      "original": null,
      "conv": "zh-hans:自由市场; zh-hant:自由市場;"
    },
    {
      "original": null,
      "conv": "zh-hans:属于; zh-hant:屬於;"
    },
    {
      "original": null,
      "conv": "zh-hans:位于; zh-hant:位於;"
    },
    {
      "original": null,
      "conv": "zh-hans:生于; zh-hant:生於;"
    },
    {
      "original": "Saint Philip",
      "conv": "zh-hans:圣菲利普;zh-hant:聖菲利普;"
    }
  ]
}